category_id,keyword_id,category_name_zh,category_name_en
J01,15614,IT互联网,IT/Internet
J02,15624,产品,Product
J03,15612,其他,Others
J04,15607,医疗健康,Healthcare
J05,15616,咨询/翻译/法律,Consulting/Translation/Legal
J06,15628,市场/公关/广告,Marketing/PR/Advertising
J07,15610,房地产/建筑,Real Estate/Construction
J08,15629,教育培训,Education/Training
J09,15625,汽车,Automotive
J10,15611,物流/仓储/运输,Logistics/Warehousing/Transportation
J11,15626,生产制造,Manufacturing
J12,15627,电气/电子通信,Electrical/Electronics/Telecom
J13,15615,直播/影视/媒体,Livestreaming/Film/Media
J14,15623,能源/环保/农业,Energy/Environment/Agriculture
J15,15617,行政/人力/法务,Administration/HR/Legal
J16,15618,设计,Design
J17,15613,财务/税务,Finance/Taxation
J18,15621,运营/客服,Operations/Customer Service
J19,15606,酒店/旅游,Hospitality/Tourism
J20,15630,采购/贸易,Procurement/Trade
J21,15609,金融,Finance
J22,15632,销售,Sales
J23,15620,零售百货/生活服务,Retail/Consumer Services
J24,15631,餐饮,Food & Beverage
J25,15608,高级管理,Senior Management
