series_id,city_id,city_name_zh,category_id,category_name_zh,2020-01,2020-02,2020-03,2020-04,2020-05,2020-06,2020-07,2020-08,2020-09,2020-10,2020-11,2020-12,2021-01,2021-02,2021-03,2021-04,2021-05,2021-06,2021-07,2021-08,2021-09,2021-10,2021-11,2021-12,2022-01,2022-02,2022-03,2022-04,2022-05,2022-06,2022-07,2022-08,2022-09,2022-10,2022-11,2022-12,2023-01,2023-02,2023-03,2023-04,2023-05,2023-06,2023-07,2023-08,2023-09,2023-10,2023-11,2023-12,2024-01,2024-02,2024-03,2024-04,2024-05,2024-06,2024-07,2024-08,2024-09,2024-10,2024-11,2024-12
C01-J01,C01,北海,J01,IT互联网,,,2.0,2.0,,1.0,11.0,5.0,2.0,,,,,3.0,1.0,5.0,,4.0,2.0,,2.0,,,,2.0,3.0,2.0,,,,,,,,,,,,,,1.0,2.0,,1.0,1.0,,,,,,2.0,1.0,,,,,1.0,,,1.0
C01-J02,C01,北海,J02,产品,,,,,,,1.0,2.0,,1.0,,,,,,1.0,,,,,,,,,,,,,,,,,,,,,,,,,,,,,,,,,,,,,,,,,,,,
C01-J03,C01,北海,J03,其他,,1.0,,1.0,,1.0,2.0,,2.0,1.0,3.0,,1.0,1.0,1.0,1.0,3.0,1.0,1.0,1.0,,5.0,,,1.0,,,1.0,,,,,,,,2.0,,,1.0,1.0,1.0,1.0,,,,2.0,,,,1.0,,,2.0,,1.0,1.0,1.0,,,
C01-J04,C01,北海,J04,医疗健康,,,,1.0,1.0,,5.0,,,,,,1.0,,,1.0,,,5.0,3.0,,1.0,,,,,,,,,,1.0,,,,,,,,,,,,11.0,,1.0,,,,,,,,,,,,,,
C01-J05,C01,北海,J05,咨询/翻译/法律,,,,,,,,1.0,,,,,,,1.0,,,,,,,,1.0,,,,,,1.0,,,,,,,,,,,,,,,,,,,,,,,,,,,,,,,
C01-J06,C01,北海,J06,市场/公关/广告,,,2.0,1.0,1.0,3.0,8.0,4.0,2.0,1.0,3.0,2.0,1.0,1.0,3.0,6.0,,2.0,2.0,,,2.0,2.0,,,4.0,1.0,1.0,,1.0,,,,,,1.0,,1.0,5.0,5.0,,1.0,,,,2.0,,1.0,,,4.0,,,,,1.0,,2.0,1.0,
C01-J07,C01,北海,J07,房地产/建筑,,,4.0,2.0,1.0,9.0,22.0,5.0,11.0,12.0,3.0,20.0,6.0,2.0,3.0,6.0,1.0,1.0,5.0,7.0,2.0,3.0,8.0,1.0,1.0,4.0,1.0,1.0,2.0,3.0,1.0,,3.0,,,1.0,2.0,,2.0,1.0,6.0,,3.0,5.0,3.0,1.0,5.0,2.0,2.0,1.0,5.0,1.0,,1.0,,,1.0,,,
C01-J08,C01,北海,J08,教育培训,2.0,,,8.0,2.0,6.0,4.0,6.0,4.0,,,,10.0,1.0,1.0,,,1.0,6.0,8.0,1.0,,,2.0,,,,6.0,,,,,,,,,,,,,,,2.0,3.0,14.0,,,,,,,,,,,,2.0,,,
C01-J09,C01,北海,J09,汽车,,,,,,1.0,1.0,,,,,,,,,,,,,1.0,,,,,,,,,,,,,,,,,,,,,,,,,,,,,,,,,,,,,,,,
C01-J10,C01,北海,J10,物流/仓储/运输,,1.0,2.0,2.0,,1.0,4.0,2.0,1.0,2.0,2.0,1.0,1.0,1.0,1.0,,2.0,3.0,,3.0,1.0,,,,1.0,1.0,2.0,1.0,,3.0,1.0,1.0,2.0,1.0,2.0,1.0,,,,,,,,,,1.0,,,,1.0,3.0,1.0,,1.0,,,,,2.0,
C01-J11,C01,北海,J11,生产制造,,,5.0,1.0,,5.0,27.0,8.0,9.0,8.0,2.0,3.0,1.0,,3.0,3.0,2.0,4.0,6.0,7.0,7.0,2.0,,3.0,12.0,14.0,12.0,4.0,1.0,3.0,2.0,3.0,2.0,3.0,4.0,3.0,1.0,1.0,1.0,6.0,1.0,4.0,1.0,7.0,,1.0,,3.0,2.0,,4.0,1.0,,1.0,2.0,2.0,1.0,1.0,3.0,2.0
C01-J12,C01,北海,J12,电气/电子通信,,,,,,2.0,1.0,,,,1.0,,1.0,,,,1.0,1.0,1.0,,,1.0,,,1.0,1.0,,1.0,,,1.0,,,,,1.0,,,,,,,,,,,1.0,,,,,,,,,,,,,
C01-J13,C01,北海,J13,直播/影视/媒体,,,1.0,,,,,,,,,,,,,2.0,,1.0,1.0,2.0,,,,,,,3.0,,,,4.0,,,,,,,,,,,,,1.0,,,,,,,,,,,,,,,,
C01-J14,C01,北海,J14,能源/环保/农业,,,2.0,,,,,1.0,4.0,,,,,,,,1.0,,,1.0,,,,,2.0,,,,2.0,1.0,,,,,,,,,,,1.0,,2.0,,,,,1.0,,,1.0,,,,,,,,,
C01-J15,C01,北海,J15,行政/人力/法务,3.0,3.0,4.0,1.0,5.0,8.0,13.0,3.0,6.0,3.0,3.0,7.0,4.0,6.0,9.0,8.0,2.0,8.0,5.0,6.0,2.0,2.0,3.0,1.0,2.0,5.0,2.0,6.0,4.0,,,1.0,1.0,1.0,3.0,4.0,1.0,1.0,3.0,4.0,2.0,1.0,1.0,4.0,3.0,4.0,1.0,1.0,,1.0,2.0,1.0,1.0,1.0,1.0,2.0,3.0,2.0,2.0,
C01-J16,C01,北海,J16,设计,,1.0,,,,1.0,2.0,1.0,,,,,,,5.0,,,,,,1.0,,2.0,1.0,,,,1.0,,,,,,,,,,,,2.0,,,,,,,,,,,,,,,,,,,,
C01-J17,C01,北海,J17,财务/税务,2.0,,2.0,2.0,2.0,4.0,8.0,6.0,3.0,1.0,4.0,3.0,2.0,4.0,3.0,2.0,6.0,4.0,5.0,3.0,4.0,2.0,1.0,3.0,,2.0,2.0,4.0,2.0,,2.0,1.0,,1.0,,3.0,2.0,,,2.0,3.0,1.0,,1.0,1.0,1.0,1.0,,,2.0,3.0,1.0,,,3.0,1.0,,2.0,2.0,1.0
C01-J18,C01,北海,J18,运营/客服,1.0,1.0,,,,1.0,2.0,5.0,,,1.0,2.0,1.0,1.0,4.0,2.0,2.0,3.0,3.0,1.0,,,1.0,,1.0,1.0,1.0,1.0,,,,,,,,,,,1.0,,,,,,,,,,,,1.0,,,,,,,,4.0,
C01-J19,C01,北海,J19,酒店/旅游,1.0,,,,,,3.0,,,,1.0,,,,,,,1.0,,,,,,,,,,,,,1.0,,,,,,,,,,,1.0,,,,1.0,,1.0,1.0,,8.0,2.0,,,,,,,,
C01-J20,C01,北海,J20,采购/贸易,,,1.0,,,,1.0,,1.0,,,1.0,,,2.0,,,1.0,1.0,,1.0,,,,,,1.0,1.0,,,,,,,,,,,1.0,,,,,,,1.0,,,,,,,,,2.0,,1.0,,,
C01-J21,C01,北海,J21,金融,,,,1.0,,3.0,1.0,,2.0,,,,1.0,1.0,1.0,2.0,1.0,1.0,3.0,1.0,,1.0,,,,,1.0,2.0,,,,,,1.0,,1.0,,,,1.0,,1.0,,,,,,,2.0,3.0,1.0,,,,,,,1.0,2.0,
C01-J22,C01,北海,J22,销售,1.0,,9.0,6.0,1.0,11.0,24.0,15.0,2.0,4.0,8.0,9.0,1.0,4.0,8.0,4.0,,7.0,2.0,5.0,1.0,1.0,1.0,,,,2.0,1.0,3.0,,1.0,2.0,,4.0,,1.0,1.0,1.0,,1.0,,2.0,2.0,1.0,,2.0,1.0,,2.0,3.0,3.0,2.0,2.0,,1.0,,,,1.0,
C01-J23,C01,北海,J23,零售百货/生活服务,,,1.0,,,3.0,9.0,4.0,3.0,,4.0,6.0,2.0,,5.0,,,,,1.0,,,,4.0,1.0,,1.0,,1.0,,,,1.0,1.0,,,,,1.0,1.0,1.0,,,,,,,1.0,,,2.0,,,1.0,,1.0,,,,
C01-J24,C01,北海,J24,餐饮,,,,,,,4.0,1.0,1.0,1.0,,3.0,,,1.0,2.0,,,,1.0,,,,1.0,1.0,,,1.0,,2.0,,,,,,,,1.0,2.0,,3.0,1.0,1.0,2.0,,1.0,1.0,,,,,,,,,,,,,
C01-J25,C01,北海,J25,高级管理,1.0,,,2.0,,1.0,2.0,,2.0,,1.0,,,,1.0,1.0,1.0,3.0,,2.0,,,1.0,,,,,,,,,,,,,,,,2.0,,,,1.0,,,1.0,,2.0,,,2.0,1.0,,,,,1.0,,,
C02-J01,C02,南宁,J01,IT互联网,118.0,447.0,622.0,519.0,364.0,370.0,484.0,338.0,314.0,262.0,359.0,319.0,272.0,302.0,736.0,397.0,430.0,423.0,396.0,433.0,351.0,294.0,296.0,281.0,184.0,448.0,624.0,410.0,441.0,415.0,370.0,379.0,310.0,320.0,334.0,198.0,134.0,355.0,289.0,274.0,326.0,356.0,320.0,312.0,201.0,195.0,220.0,172.0,188.0,214.0,326.0,240.0,295.0,221.0,193.0,221.0,200.0,169.0,159.0,135.0
C02-J02,C02,南宁,J02,产品,17.0,100.0,76.0,77.0,42.0,70.0,55.0,52.0,52.0,35.0,49.0,48.0,57.0,41.0,112.0,48.0,58.0,55.0,62.0,53.0,39.0,33.0,46.0,36.0,22.0,52.0,67.0,48.0,40.0,48.0,53.0,43.0,29.0,30.0,29.0,12.0,18.0,50.0,59.0,43.0,46.0,46.0,40.0,68.0,37.0,48.0,34.0,24.0,27.0,46.0,51.0,47.0,57.0,37.0,24.0,27.0,36.0,31.0,33.0,32.0
C02-J03,C02,南宁,J03,其他,117.0,405.0,716.0,696.0,432.0,437.0,474.0,435.0,548.0,503.0,530.0,512.0,285.0,298.0,812.0,508.0,570.0,533.0,431.0,465.0,337.0,340.0,395.0,367.0,257.0,435.0,440.0,403.0,385.0,381.0,415.0,379.0,320.0,266.0,293.0,167.0,185.0,376.0,259.0,222.0,252.0,241.0,243.0,210.0,153.0,165.0,158.0,123.0,166.0,147.0,200.0,183.0,226.0,165.0,155.0,110.0,119.0,111.0,110.0,149.0
C02-J04,C02,南宁,J04,医疗健康,51.0,273.0,214.0,293.0,72.0,134.0,121.0,107.0,100.0,97.0,121.0,78.0,87.0,120.0,335.0,125.0,130.0,83.0,163.0,135.0,97.0,117.0,95.0,113.0,87.0,124.0,211.0,155.0,151.0,140.0,179.0,114.0,107.0,97.0,105.0,110.0,46.0,149.0,116.0,133.0,134.0,138.0,129.0,119.0,114.0,122.0,93.0,105.0,110.0,123.0,197.0,114.0,129.0,117.0,184.0,140.0,119.0,188.0,84.0,100.0
C02-J05,C02,南宁,J05,咨询/翻译/法律,59.0,134.0,153.0,106.0,101.0,112.0,96.0,96.0,79.0,50.0,64.0,71.0,49.0,71.0,159.0,95.0,113.0,84.0,65.0,59.0,61.0,33.0,50.0,44.0,27.0,86.0,87.0,88.0,87.0,93.0,73.0,67.0,61.0,50.0,52.0,47.0,17.0,109.0,69.0,66.0,88.0,101.0,77.0,66.0,63.0,62.0,41.0,35.0,26.0,46.0,89.0,61.0,60.0,48.0,58.0,55.0,41.0,41.0,46.0,60.0
C02-J06,C02,南宁,J06,市场/公关/广告,278.0,855.0,1016.0,917.0,741.0,682.0,855.0,650.0,662.0,526.0,669.0,534.0,403.0,554.0,1159.0,639.0,618.0,578.0,604.0,496.0,354.0,323.0,391.0,327.0,185.0,468.0,605.0,434.0,431.0,425.0,420.0,408.0,329.0,303.0,316.0,206.0,176.0,432.0,488.0,428.0,549.0,441.0,436.0,457.0,309.0,329.0,343.0,268.0,287.0,431.0,541.0,391.0,448.0,305.0,419.0,378.0,294.0,287.0,320.0,297.0
C02-J07,C02,南宁,J07,房地产/建筑,647.0,1920.0,3010.0,2171.0,1903.0,1851.0,1961.0,1624.0,1530.0,1165.0,1441.0,1417.0,1153.0,1356.0,2799.0,1702.0,1589.0,1566.0,1449.0,1270.0,1052.0,719.0,823.0,672.0,517.0,1063.0,1427.0,955.0,1056.0,1136.0,1074.0,1088.0,1007.0,773.0,806.0,573.0,409.0,1155.0,1117.0,1016.0,1140.0,1204.0,1074.0,1104.0,823.0,864.0,1071.0,779.0,574.0,692.0,1026.0,770.0,801.0,834.0,932.0,808.0,811.0,706.0,725.0,746.0
C02-J08,C02,南宁,J08,教育培训,171.0,630.0,537.0,585.0,393.0,450.0,554.0,489.0,449.0,291.0,293.0,331.0,271.0,315.0,999.0,386.0,515.0,534.0,556.0,446.0,235.0,161.0,173.0,187.0,181.0,280.0,309.0,291.0,318.0,422.0,336.0,330.0,252.0,157.0,219.0,121.0,96.0,218.0,328.0,174.0,229.0,292.0,356.0,309.0,187.0,160.0,190.0,192.0,179.0,184.0,324.0,208.0,241.0,282.0,314.0,253.0,221.0,173.0,168.0,211.0
C02-J09,C02,南宁,J09,汽车,29.0,51.0,97.0,64.0,63.0,66.0,51.0,72.0,69.0,62.0,59.0,80.0,37.0,82.0,112.0,60.0,76.0,73.0,84.0,71.0,56.0,48.0,53.0,68.0,36.0,64.0,78.0,61.0,76.0,41.0,59.0,43.0,38.0,43.0,39.0,31.0,34.0,58.0,69.0,64.0,76.0,53.0,59.0,82.0,60.0,44.0,59.0,61.0,46.0,50.0,51.0,71.0,55.0,59.0,71.0,51.0,49.0,68.0,48.0,39.0
C02-J10,C02,南宁,J10,物流/仓储/运输,91.0,267.0,357.0,247.0,224.0,223.0,253.0,222.0,241.0,206.0,231.0,231.0,174.0,225.0,365.0,282.0,251.0,212.0,272.0,220.0,187.0,158.0,152.0,142.0,76.0,220.0,205.0,132.0,196.0,173.0,178.0,202.0,155.0,173.0,163.0,98.0,82.0,259.0,207.0,230.0,225.0,246.0,242.0,212.0,202.0,227.0,170.0,190.0,183.0,199.0,296.0,286.0,314.0,272.0,233.0,266.0,227.0,220.0,204.0,296.0
C02-J11,C02,南宁,J11,生产制造,229.0,1109.0,1353.0,771.0,737.0,769.0,712.0,635.0,698.0,511.0,642.0,710.0,599.0,682.0,1350.0,891.0,806.0,760.0,778.0,782.0,641.0,763.0,593.0,466.0,422.0,700.0,972.0,773.0,763.0,687.0,795.0,838.0,712.0,629.0,651.0,497.0,399.0,880.0,879.0,679.0,797.0,778.0,772.0,869.0,637.0,734.0,757.0,835.0,1040.0,817.0,1292.0,853.0,981.0,992.0,1011.0,1016.0,826.0,826.0,928.0,1151.0
C02-J12,C02,南宁,J12,电气/电子通信,45.0,173.0,219.0,111.0,121.0,124.0,115.0,83.0,105.0,74.0,98.0,96.0,90.0,93.0,201.0,99.0,115.0,121.0,101.0,116.0,112.0,93.0,80.0,71.0,57.0,133.0,174.0,139.0,113.0,111.0,95.0,125.0,102.0,76.0,110.0,70.0,63.0,145.0,155.0,100.0,138.0,134.0,109.0,136.0,89.0,85.0,96.0,72.0,88.0,92.0,136.0,106.0,132.0,89.0,98.0,103.0,86.0,82.0,130.0,112.0
C02-J13,C02,南宁,J13,直播/影视/媒体,20.0,76.0,143.0,119.0,102.0,76.0,86.0,74.0,95.0,69.0,69.0,58.0,65.0,68.0,175.0,119.0,194.0,132.0,119.0,154.0,140.0,104.0,110.0,101.0,64.0,118.0,188.0,148.0,171.0,162.0,185.0,157.0,145.0,154.0,203.0,110.0,36.0,176.0,117.0,128.0,199.0,136.0,164.0,161.0,109.0,141.0,152.0,123.0,121.0,107.0,225.0,147.0,159.0,133.0,135.0,136.0,152.0,104.0,111.0,90.0
C02-J14,C02,南宁,J14,能源/环保/农业,47.0,190.0,217.0,156.0,158.0,163.0,167.0,84.0,102.0,96.0,106.0,86.0,86.0,92.0,268.0,126.0,118.0,122.0,113.0,101.0,76.0,63.0,85.0,91.0,52.0,129.0,180.0,136.0,117.0,140.0,114.0,93.0,70.0,103.0,133.0,82.0,47.0,125.0,159.0,151.0,201.0,164.0,122.0,174.0,156.0,127.0,163.0,110.0,119.0,119.0,196.0,123.0,153.0,155.0,173.0,162.0,184.0,141.0,184.0,132.0
C02-J15,C02,南宁,J15,行政/人力/法务,503.0,1455.0,2066.0,1642.0,1425.0,1502.0,1718.0,1431.0,1529.0,1185.0,1332.0,1210.0,994.0,1187.0,2653.0,1659.0,1739.0,1617.0,1564.0,1456.0,1128.0,868.0,888.0,771.0,493.0,1161.0,1410.0,1023.0,1079.0,1109.0,1168.0,1160.0,912.0,736.0,848.0,525.0,485.0,1187.0,1129.0,994.0,1309.0,1203.0,1145.0,1042.0,842.0,793.0,865.0,684.0,602.0,842.0,1181.0,921.0,1067.0,845.0,932.0,856.0,729.0,601.0,670.0,717.0
C02-J16,C02,南宁,J16,设计,73.0,241.0,395.0,264.0,229.0,219.0,265.0,186.0,181.0,156.0,169.0,175.0,100.0,199.0,423.0,256.0,269.0,223.0,210.0,223.0,149.0,147.0,121.0,110.0,71.0,221.0,228.0,173.0,162.0,189.0,203.0,161.0,140.0,106.0,104.0,69.0,47.0,196.0,147.0,150.0,146.0,176.0,140.0,159.0,107.0,92.0,87.0,72.0,54.0,109.0,158.0,108.0,92.0,88.0,101.0,80.0,71.0,78.0,85.0,50.0
C02-J17,C02,南宁,J17,财务/税务,345.0,886.0,1231.0,894.0,766.0,873.0,882.0,827.0,702.0,636.0,667.0,624.0,567.0,714.0,1434.0,982.0,966.0,837.0,850.0,758.0,547.0,447.0,473.0,482.0,295.0,771.0,763.0,600.0,671.0,593.0,654.0,659.0,507.0,453.0,427.0,289.0,246.0,832.0,695.0,585.0,683.0,704.0,618.0,621.0,516.0,424.0,422.0,370.0,335.0,481.0,647.0,503.0,567.0,474.0,495.0,439.0,370.0,313.0,408.0,348.0
C02-J18,C02,南宁,J18,运营/客服,175.0,587.0,793.0,677.0,560.0,561.0,727.0,520.0,577.0,441.0,481.0,513.0,361.0,404.0,913.0,620.0,708.0,551.0,541.0,491.0,417.0,398.0,382.0,361.0,209.0,499.0,580.0,468.0,499.0,517.0,463.0,505.0,380.0,339.0,383.0,259.0,216.0,598.0,506.0,420.0,589.0,491.0,470.0,458.0,350.0,320.0,347.0,360.0,317.0,429.0,673.0,544.0,476.0,405.0,477.0,409.0,288.0,282.0,370.0,303.0
C02-J19,C02,南宁,J19,酒店/旅游,11.0,54.0,54.0,44.0,38.0,47.0,63.0,48.0,65.0,47.0,53.0,44.0,46.0,55.0,98.0,74.0,68.0,51.0,53.0,71.0,42.0,37.0,39.0,15.0,16.0,42.0,46.0,40.0,43.0,49.0,50.0,52.0,40.0,22.0,26.0,22.0,18.0,62.0,69.0,64.0,79.0,99.0,39.0,81.0,60.0,57.0,44.0,48.0,34.0,77.0,76.0,42.0,67.0,39.0,61.0,65.0,53.0,57.0,52.0,57.0
C02-J20,C02,南宁,J20,采购/贸易,54.0,186.0,179.0,170.0,125.0,115.0,173.0,109.0,115.0,106.0,113.0,108.0,95.0,125.0,266.0,137.0,158.0,105.0,122.0,102.0,98.0,77.0,65.0,72.0,48.0,94.0,123.0,99.0,105.0,139.0,125.0,116.0,88.0,72.0,80.0,55.0,40.0,146.0,123.0,120.0,152.0,131.0,103.0,105.0,86.0,119.0,87.0,80.0,75.0,83.0,161.0,119.0,110.0,98.0,98.0,83.0,101.0,82.0,101.0,96.0
C02-J21,C02,南宁,J21,金融,73.0,228.0,267.0,220.0,194.0,218.0,194.0,166.0,211.0,112.0,169.0,165.0,203.0,153.0,290.0,154.0,230.0,216.0,166.0,183.0,118.0,108.0,139.0,128.0,125.0,171.0,205.0,155.0,158.0,150.0,147.0,158.0,186.0,151.0,167.0,91.0,80.0,186.0,201.0,132.0,213.0,171.0,157.0,143.0,107.0,123.0,164.0,103.0,149.0,135.0,147.0,165.0,164.0,110.0,152.0,114.0,97.0,155.0,150.0,101.0
C02-J22,C02,南宁,J22,销售,414.0,1635.0,2208.0,2044.0,1605.0,1539.0,1958.0,1707.0,1691.0,1242.0,1385.0,1251.0,945.0,1269.0,2766.0,1631.0,1444.0,1366.0,1186.0,1198.0,971.0,802.0,869.0,661.0,473.0,1250.0,1514.0,1193.0,1134.0,975.0,1037.0,969.0,855.0,719.0,742.0,494.0,427.0,1273.0,1093.0,939.0,1187.0,987.0,1016.0,905.0,686.0,754.0,770.0,582.0,536.0,831.0,1203.0,826.0,891.0,942.0,1261.0,965.0,665.0,822.0,1138.0,620.0
C02-J23,C02,南宁,J23,零售百货/生活服务,135.0,431.0,507.0,356.0,368.0,368.0,402.0,437.0,516.0,387.0,446.0,435.0,262.0,320.0,717.0,437.0,534.0,416.0,404.0,486.0,375.0,341.0,342.0,319.0,149.0,362.0,503.0,372.0,341.0,333.0,335.0,422.0,337.0,281.0,283.0,180.0,129.0,377.0,371.0,358.0,397.0,400.0,345.0,389.0,356.0,250.0,250.0,337.0,262.0,286.0,552.0,320.0,272.0,306.0,372.0,314.0,280.0,343.0,322.0,437.0
C02-J24,C02,南宁,J24,餐饮,45.0,141.0,163.0,129.0,141.0,150.0,203.0,199.0,232.0,161.0,173.0,193.0,71.0,129.0,259.0,201.0,218.0,169.0,177.0,211.0,210.0,137.0,134.0,108.0,53.0,146.0,190.0,136.0,154.0,195.0,150.0,171.0,159.0,115.0,125.0,102.0,85.0,159.0,200.0,185.0,242.0,217.0,201.0,242.0,175.0,158.0,198.0,211.0,161.0,191.0,250.0,161.0,167.0,172.0,176.0,170.0,178.0,176.0,221.0,204.0
C02-J25,C02,南宁,J25,高级管理,79.0,175.0,233.0,285.0,190.0,193.0,270.0,198.0,199.0,175.0,177.0,174.0,154.0,186.0,386.0,213.0,167.0,197.0,188.0,174.0,153.0,109.0,118.0,93.0,66.0,186.0,114.0,112.0,124.0,116.0,125.0,161.0,170.0,118.0,107.0,80.0,76.0,211.0,238.0,168.0,217.0,198.0,177.0,191.0,155.0,162.0,162.0,155.0,140.0,134.0,235.0,179.0,177.0,167.0,184.0,151.0,126.0,135.0,113.0,133.0
C03-J01,C03,崇左,J01,IT互联网,,1.0,1.0,,1.0,,3.0,2.0,,1.0,,1.0,,,1.0,,1.0,,,,,,,,,,6.0,4.0,,,,,,,1.0,,,,,,1.0,,,1.0,1.0,,1.0,2.0,,,1.0,,,,,,,,,
C03-J02,C03,崇左,J02,产品,,,,,,,,,,,,,,,,,,,,,,,,,,1.0,,,,,,,,,,,,,,,,,,,,,,,,,,,,,,1.0,,,,
C03-J03,C03,崇左,J03,其他,,1.0,1.0,1.0,,,,2.0,,,,1.0,,,,1.0,,1.0,1.0,,,,1.0,,,1.0,8.0,11.0,,,,1.0,,,,1.0,1.0,,4.0,,7.0,3.0,2.0,,1.0,,,,,,1.0,1.0,,1.0,2.0,,1.0,1.0,2.0,1.0
C03-J04,C03,崇左,J04,医疗健康,,,1.0,2.0,,,,,,,,,,,,,,,,,,,,,,,5.0,2.0,1.0,,,,,,,1.0,,,,,,1.0,,1.0,,1.0,,,,,,,,,,,,,,
C03-J05,C03,崇左,J05,咨询/翻译/法律,,1.0,1.0,1.0,,,,2.0,,,,,,,,,1.0,,,2.0,,,,,,,1.0,2.0,,,,,1.0,1.0,,,,,,,,,,,,,,,,,,,,,,,,,,
C03-J06,C03,崇左,J06,市场/公关/广告,,3.0,1.0,,1.0,,3.0,7.0,3.0,2.0,,1.0,,1.0,,1.0,5.0,1.0,,2.0,,1.0,,1.0,,2.0,4.0,9.0,,,,,,,1.0,4.0,,,2.0,1.0,,3.0,6.0,1.0,,,1.0,5.0,2.0,2.0,1.0,,1.0,1.0,1.0,,3.0,2.0,,
C03-J07,C03,崇左,J07,房地产/建筑,1.0,2.0,8.0,8.0,3.0,,6.0,7.0,1.0,2.0,2.0,1.0,,2.0,5.0,1.0,7.0,4.0,2.0,,,,,,,11.0,25.0,19.0,2.0,2.0,3.0,1.0,,4.0,1.0,1.0,2.0,1.0,4.0,7.0,2.0,5.0,3.0,5.0,3.0,2.0,5.0,2.0,,4.0,5.0,6.0,,6.0,1.0,,2.0,6.0,9.0,5.0
C03-J08,C03,崇左,J08,教育培训,,1.0,1.0,,6.0,1.0,,6.0,,4.0,2.0,,,,,1.0,,1.0,2.0,1.0,1.0,,1.0,,,,1.0,6.0,,,2.0,4.0,2.0,,,,,,,,,,,,,,,,,,,,,,,,,,,1.0
C03-J09,C03,崇左,J09,汽车,,,,,,,,,,,,,,1.0,,,,,,,,,,,,,,,,,,,,,,,,,,,,,,,,,,1.0,,,,,,,,,,,,
C03-J10,C03,崇左,J10,物流/仓储/运输,,,2.0,1.0,,2.0,1.0,1.0,,,1.0,1.0,1.0,,,,,,,1.0,1.0,,,,,1.0,4.0,6.0,,,,1.0,1.0,2.0,,,1.0,,2.0,,,4.0,,2.0,,1.0,5.0,23.0,1.0,1.0,,,,,1.0,,1.0,20.0,,
C03-J11,C03,崇左,J11,生产制造,1.0,5.0,8.0,1.0,,8.0,1.0,4.0,,,6.0,,,1.0,4.0,1.0,2.0,3.0,1.0,2.0,2.0,,,,,2.0,61.0,68.0,1.0,,3.0,1.0,3.0,1.0,6.0,6.0,12.0,8.0,9.0,10.0,5.0,7.0,6.0,2.0,3.0,10.0,2.0,29.0,2.0,3.0,9.0,,3.0,4.0,1.0,,6.0,,1.0,12.0
C03-J12,C03,崇左,J12,电气/电子通信,,,1.0,,,2.0,,,,,,,,,1.0,,,,,,,,,,,1.0,13.0,6.0,,,1.0,,,,,5.0,,,1.0,4.0,,,,1.0,,1.0,,2.0,,,1.0,,,,,,,,,
C03-J13,C03,崇左,J13,直播/影视/媒体,,,,,,,,,,,,,,,,,,,,,,,,,,,1.0,,,,,,,1.0,,,,1.0,,3.0,,,1.0,,,,,3.0,,,,,,,,1.0,,,2.0,1.0
C03-J14,C03,崇左,J14,能源/环保/农业,,,,2.0,,,,1.0,,,,,,,1.0,,,,1.0,1.0,,,,,,,18.0,11.0,,,,1.0,,,1.0,,,,,,2.0,,2.0,1.0,,4.0,,5.0,2.0,1.0,,,,,1.0,1.0,,,1.0,
C03-J15,C03,崇左,J15,行政/人力/法务,4.0,1.0,2.0,14.0,,2.0,5.0,7.0,2.0,1.0,3.0,4.0,1.0,2.0,2.0,3.0,11.0,1.0,1.0,2.0,3.0,,1.0,2.0,4.0,5.0,50.0,47.0,6.0,4.0,2.0,2.0,3.0,4.0,5.0,4.0,5.0,5.0,1.0,7.0,5.0,7.0,9.0,7.0,1.0,2.0,5.0,6.0,6.0,7.0,6.0,,1.0,3.0,1.0,5.0,8.0,4.0,6.0,10.0
C03-J16,C03,崇左,J16,设计,,,,,,,1.0,,,,,,,1.0,,,1.0,,,,,,,,,2.0,2.0,4.0,,,,,,,1.0,,,1.0,,,,,,,,,,,,,1.0,,,,,,1.0,,,
C03-J17,C03,崇左,J17,财务/税务,2.0,1.0,3.0,4.0,2.0,2.0,2.0,8.0,4.0,3.0,,2.0,1.0,1.0,1.0,,6.0,1.0,,2.0,,3.0,,1.0,,3.0,22.0,25.0,,1.0,3.0,,,4.0,2.0,1.0,,,2.0,5.0,4.0,1.0,1.0,1.0,1.0,3.0,3.0,6.0,3.0,1.0,3.0,,2.0,8.0,1.0,4.0,6.0,,6.0,4.0
C03-J18,C03,崇左,J18,运营/客服,1.0,4.0,1.0,,2.0,,,4.0,1.0,,,,1.0,1.0,,3.0,4.0,1.0,,,,,,1.0,,1.0,3.0,6.0,,,1.0,,,,1.0,,,1.0,1.0,2.0,,2.0,1.0,1.0,,1.0,,1.0,,,,,,,,2.0,,1.0,3.0,2.0
C03-J19,C03,崇左,J19,酒店/旅游,,,,,,,,,,,,,,,,,,,1.0,,2.0,,,,,,2.0,4.0,,,,,,,,,,,,,,,,,,,,,,,,,,,2.0,1.0,,,1.0,1.0
C03-J20,C03,崇左,J20,采购/贸易,,,2.0,,,,,3.0,,,,,,,1.0,,,,,,,,,,,,4.0,5.0,,,,,,,,1.0,3.0,1.0,,2.0,,,,2.0,,1.0,,3.0,,,,,,,,1.0,,,,
C03-J21,C03,崇左,J21,金融,,,2.0,,,3.0,,1.0,2.0,,,,1.0,1.0,,8.0,1.0,1.0,,1.0,,,,2.0,1.0,,15.0,,,1.0,2.0,,,,,,,3.0,1.0,,1.0,,,,,,,,,,,1.0,1.0,3.0,,,,3.0,1.0,
C03-J22,C03,崇左,J22,销售,,2.0,4.0,2.0,3.0,2.0,2.0,8.0,4.0,,,,3.0,,,,3.0,2.0,4.0,4.0,,,,,4.0,3.0,35.0,22.0,1.0,3.0,2.0,1.0,3.0,9.0,1.0,1.0,1.0,10.0,2.0,4.0,2.0,3.0,2.0,,,1.0,2.0,,3.0,,,,,1.0,1.0,,3.0,3.0,4.0,
C03-J23,C03,崇左,J23,零售百货/生活服务,,,,,,2.0,,2.0,1.0,1.0,,3.0,2.0,1.0,5.0,4.0,,7.0,1.0,1.0,4.0,,1.0,1.0,,1.0,10.0,6.0,,,1.0,,,3.0,1.0,4.0,1.0,2.0,1.0,2.0,,3.0,,,1.0,,,,1.0,,4.0,1.0,,2.0,,,1.0,24.0,26.0,2.0
C03-J24,C03,崇左,J24,餐饮,,,,,,,,1.0,,,,,4.0,,,4.0,1.0,,,,2.0,,,,,,3.0,4.0,,,1.0,,1.0,1.0,,,,,,,2.0,1.0,,,,3.0,1.0,1.0,,,,,1.0,,1.0,1.0,,,,1.0
C03-J25,C03,崇左,J25,高级管理,,1.0,,3.0,,1.0,,,,,,,,,,,1.0,,1.0,,,,,1.0,,,6.0,3.0,,1.0,,,4.0,,,1.0,,1.0,2.0,,,1.0,2.0,,,1.0,1.0,2.0,,,,,,3.0,,1.0,,,1.0,
C04-J01,C04,来宾,J01,IT互联网,2.0,1.0,3.0,2.0,2.0,3.0,3.0,1.0,3.0,6.0,3.0,1.0,,3.0,3.0,3.0,4.0,3.0,3.0,,6.0,3.0,1.0,2.0,1.0,10.0,6.0,3.0,6.0,,1.0,,2.0,,1.0,2.0,3.0,3.0,2.0,,,1.0,,,2.0,,2.0,1.0,1.0,2.0,2.0,,1.0,,,,,4.0,1.0,2.0
C04-J02,C04,来宾,J02,产品,,,,,,,,,,,,,,,,,,,,,,,1.0,,,,,,,,,1.0,,,,,,,,,,,,,,,,,1.0,,1.0,,,,,,,2.0,,
C04-J03,C04,来宾,J03,其他,3.0,4.0,30.0,18.0,7.0,20.0,19.0,2.0,6.0,4.0,1.0,3.0,4.0,6.0,5.0,2.0,4.0,2.0,13.0,3.0,3.0,,,2.0,,4.0,21.0,,1.0,1.0,,2.0,2.0,7.0,6.0,8.0,3.0,,4.0,5.0,2.0,2.0,1.0,3.0,5.0,1.0,2.0,,7.0,1.0,3.0,1.0,4.0,2.0,2.0,1.0,2.0,,3.0,
C04-J04,C04,来宾,J04,医疗健康,,1.0,,,,1.0,,,,,2.0,2.0,,,,2.0,,1.0,1.0,1.0,,,1.0,,,8.0,18.0,,2.0,,2.0,1.0,3.0,1.0,2.0,,1.0,5.0,,,2.0,,,,2.0,1.0,1.0,,,2.0,,1.0,2.0,2.0,,,1.0,1.0,,
C04-J05,C04,来宾,J05,咨询/翻译/法律,,1.0,,2.0,1.0,,1.0,1.0,,1.0,,,,1.0,1.0,1.0,1.0,2.0,,,1.0,,,,,5.0,5.0,,,,,4.0,3.0,8.0,1.0,,,,,,1.0,,,,,,,,,,,3.0,,,,,,,,
C04-J06,C04,来宾,J06,市场/公关/广告,2.0,,5.0,3.0,4.0,5.0,8.0,5.0,5.0,4.0,5.0,4.0,1.0,4.0,3.0,6.0,1.0,3.0,4.0,2.0,4.0,,6.0,1.0,1.0,7.0,17.0,4.0,2.0,4.0,2.0,4.0,10.0,6.0,5.0,3.0,4.0,5.0,6.0,1.0,2.0,4.0,2.0,1.0,2.0,2.0,5.0,3.0,1.0,2.0,6.0,6.0,5.0,2.0,2.0,2.0,2.0,3.0,7.0,1.0
C04-J07,C04,来宾,J07,房地产/建筑,6.0,9.0,13.0,19.0,12.0,27.0,13.0,13.0,9.0,13.0,9.0,6.0,7.0,16.0,12.0,19.0,9.0,10.0,7.0,17.0,7.0,9.0,6.0,8.0,4.0,27.0,36.0,15.0,5.0,18.0,13.0,19.0,22.0,15.0,6.0,9.0,2.0,9.0,6.0,2.0,8.0,5.0,5.0,2.0,1.0,10.0,6.0,2.0,6.0,3.0,3.0,1.0,5.0,4.0,1.0,7.0,5.0,2.0,6.0,2.0
C04-J08,C04,来宾,J08,教育培训,,,,6.0,1.0,4.0,8.0,2.0,16.0,,4.0,1.0,,1.0,,7.0,1.0,3.0,16.0,7.0,8.0,2.0,2.0,1.0,2.0,18.0,20.0,3.0,2.0,2.0,4.0,5.0,6.0,16.0,2.0,2.0,1.0,,1.0,2.0,2.0,20.0,,2.0,,2.0,2.0,,7.0,6.0,,1.0,4.0,8.0,8.0,1.0,9.0,2.0,2.0,
C04-J09,C04,来宾,J09,汽车,,,5.0,1.0,2.0,,1.0,,,4.0,2.0,,1.0,,,,,,,2.0,,,1.0,,1.0,5.0,3.0,,,,,,3.0,,,1.0,,,,2.0,3.0,,1.0,,,1.0,,2.0,1.0,,,,,1.0,,,,,1.0,
C04-J10,C04,来宾,J10,物流/仓储/运输,4.0,1.0,4.0,3.0,2.0,5.0,6.0,6.0,7.0,4.0,4.0,3.0,2.0,6.0,7.0,8.0,6.0,1.0,8.0,5.0,7.0,2.0,2.0,2.0,6.0,31.0,15.0,3.0,5.0,6.0,10.0,11.0,10.0,15.0,2.0,4.0,2.0,6.0,1.0,5.0,6.0,2.0,3.0,3.0,3.0,6.0,9.0,4.0,5.0,8.0,4.0,1.0,1.0,3.0,5.0,3.0,2.0,3.0,1.0,2.0
C04-J11,C04,来宾,J11,生产制造,6.0,6.0,11.0,14.0,6.0,1.0,4.0,8.0,11.0,9.0,10.0,11.0,6.0,9.0,12.0,19.0,11.0,9.0,20.0,15.0,17.0,2.0,25.0,17.0,28.0,143.0,51.0,13.0,25.0,27.0,25.0,24.0,46.0,30.0,19.0,32.0,11.0,16.0,15.0,26.0,11.0,19.0,17.0,14.0,20.0,19.0,17.0,22.0,12.0,6.0,26.0,11.0,18.0,23.0,14.0,7.0,13.0,9.0,22.0,14.0
C04-J12,C04,来宾,J12,电气/电子通信,,1.0,3.0,,,1.0,,,1.0,,,1.0,,1.0,,1.0,1.0,,,,1.0,,1.0,1.0,,6.0,1.0,,1.0,1.0,2.0,,5.0,2.0,1.0,,,2.0,,5.0,,,,2.0,1.0,,,,,,1.0,,2.0,,1.0,,,1.0,1.0,1.0
C04-J13,C04,来宾,J13,直播/影视/媒体,1.0,,,,1.0,,,2.0,2.0,,,,,,,4.0,,2.0,1.0,,,2.0,2.0,1.0,3.0,8.0,14.0,1.0,,,,,1.0,2.0,1.0,,,,6.0,1.0,,,1.0,1.0,,,,1.0,,,6.0,,1.0,1.0,,,,,,
C04-J14,C04,来宾,J14,能源/环保/农业,,,4.0,2.0,2.0,,1.0,,1.0,2.0,,,1.0,,,3.0,2.0,,2.0,1.0,,,,4.0,,7.0,9.0,1.0,2.0,,1.0,,15.0,3.0,,,,1.0,2.0,6.0,1.0,,6.0,4.0,,1.0,,3.0,1.0,,1.0,2.0,4.0,3.0,1.0,2.0,,4.0,,
C04-J15,C04,来宾,J15,行政/人力/法务,9.0,5.0,16.0,17.0,15.0,8.0,32.0,9.0,24.0,12.0,11.0,8.0,4.0,16.0,17.0,18.0,15.0,14.0,17.0,13.0,14.0,10.0,17.0,10.0,7.0,33.0,52.0,22.0,7.0,19.0,12.0,16.0,22.0,23.0,9.0,14.0,9.0,18.0,13.0,15.0,17.0,9.0,7.0,11.0,15.0,8.0,16.0,13.0,8.0,13.0,11.0,13.0,13.0,8.0,8.0,7.0,12.0,10.0,1.0,11.0
C04-J16,C04,来宾,J16,设计,2.0,,2.0,1.0,1.0,,,,,1.0,,1.0,,,3.0,2.0,1.0,1.0,1.0,,1.0,,,3.0,,7.0,12.0,4.0,2.0,3.0,2.0,7.0,6.0,9.0,1.0,2.0,1.0,4.0,1.0,1.0,,1.0,,1.0,1.0,,2.0,3.0,1.0,1.0,,,,,,1.0,1.0,,,
C04-J17,C04,来宾,J17,财务/税务,4.0,5.0,12.0,8.0,9.0,9.0,14.0,11.0,9.0,7.0,5.0,8.0,7.0,7.0,15.0,14.0,4.0,2.0,11.0,8.0,16.0,3.0,6.0,3.0,5.0,16.0,19.0,12.0,7.0,15.0,8.0,9.0,14.0,7.0,4.0,7.0,3.0,16.0,7.0,7.0,2.0,8.0,2.0,5.0,2.0,4.0,7.0,5.0,4.0,6.0,7.0,4.0,2.0,6.0,7.0,3.0,5.0,4.0,3.0,6.0
C04-J18,C04,来宾,J18,运营/客服,4.0,3.0,2.0,3.0,3.0,2.0,2.0,6.0,2.0,2.0,5.0,3.0,2.0,3.0,8.0,4.0,2.0,2.0,3.0,3.0,3.0,1.0,1.0,2.0,1.0,6.0,16.0,3.0,2.0,1.0,4.0,2.0,1.0,,,5.0,,8.0,3.0,,3.0,1.0,2.0,5.0,3.0,,2.0,,,1.0,3.0,2.0,3.0,3.0,1.0,2.0,1.0,,3.0,
C04-J19,C04,来宾,J19,酒店/旅游,,,,,,,,,,1.0,,,,,,4.0,1.0,,,,,,,,,,,,,,,,,,,,,,,,,,,,,,,,,,,,,,,1.0,,,1.0,
C04-J20,C04,来宾,J20,采购/贸易,,1.0,1.0,4.0,2.0,,3.0,1.0,,1.0,1.0,,,,3.0,,1.0,1.0,1.0,,1.0,2.0,1.0,1.0,2.0,7.0,3.0,1.0,1.0,1.0,2.0,2.0,,,,,1.0,,,,1.0,1.0,2.0,1.0,,2.0,1.0,,4.0,1.0,1.0,1.0,,2.0,1.0,2.0,,,,2.0
C04-J21,C04,来宾,J21,金融,1.0,3.0,3.0,10.0,1.0,,2.0,2.0,1.0,1.0,2.0,5.0,1.0,1.0,3.0,2.0,,3.0,2.0,1.0,6.0,4.0,3.0,,1.0,12.0,25.0,,,,3.0,4.0,5.0,9.0,1.0,8.0,3.0,5.0,9.0,,,8.0,6.0,1.0,1.0,,6.0,2.0,,4.0,5.0,3.0,1.0,9.0,1.0,2.0,1.0,2.0,,1.0
C04-J22,C04,来宾,J22,销售,,1.0,6.0,10.0,9.0,8.0,12.0,27.0,13.0,10.0,14.0,12.0,7.0,11.0,7.0,13.0,6.0,7.0,8.0,7.0,14.0,3.0,6.0,3.0,5.0,33.0,46.0,8.0,9.0,5.0,12.0,15.0,25.0,19.0,4.0,9.0,9.0,11.0,5.0,1.0,5.0,9.0,7.0,5.0,8.0,5.0,7.0,10.0,10.0,4.0,11.0,5.0,10.0,6.0,4.0,1.0,2.0,2.0,2.0,2.0
C04-J23,C04,来宾,J23,零售百货/生活服务,3.0,,2.0,4.0,2.0,3.0,,3.0,1.0,6.0,8.0,1.0,1.0,5.0,4.0,6.0,9.0,,9.0,1.0,3.0,6.0,7.0,2.0,8.0,17.0,28.0,5.0,3.0,2.0,4.0,4.0,10.0,7.0,3.0,2.0,9.0,4.0,2.0,5.0,2.0,2.0,2.0,2.0,2.0,4.0,4.0,,10.0,9.0,2.0,3.0,2.0,,3.0,4.0,4.0,2.0,4.0,1.0
C04-J24,C04,来宾,J24,餐饮,,,,1.0,1.0,,,,,,2.0,1.0,,3.0,1.0,8.0,5.0,1.0,4.0,1.0,3.0,,,,3.0,7.0,11.0,1.0,1.0,4.0,2.0,3.0,2.0,1.0,,,,,1.0,2.0,1.0,2.0,1.0,2.0,1.0,,1.0,1.0,,,3.0,,2.0,,1.0,2.0,6.0,,15.0,5.0
C04-J25,C04,来宾,J25,高级管理,1.0,,,2.0,1.0,3.0,,3.0,,1.0,,,2.0,3.0,2.0,1.0,,2.0,2.0,,2.0,1.0,,1.0,2.0,1.0,,2.0,3.0,2.0,1.0,1.0,,5.0,,,,1.0,2.0,5.0,1.0,3.0,1.0,1.0,1.0,1.0,,1.0,1.0,,,,3.0,2.0,,1.0,3.0,2.0,2.0,
C05-J01,C05,柳州,J01,IT互联网,24.0,29.0,54.0,32.0,35.0,52.0,40.0,35.0,39.0,54.0,37.0,31.0,33.0,32.0,50.0,58.0,34.0,47.0,38.0,47.0,27.0,28.0,15.0,30.0,20.0,41.0,36.0,40.0,34.0,20.0,30.0,29.0,20.0,10.0,10.0,6.0,8.0,12.0,21.0,14.0,17.0,31.0,23.0,24.0,19.0,20.0,15.0,11.0,8.0,11.0,15.0,15.0,16.0,11.0,11.0,10.0,13.0,12.0,9.0,17.0
C05-J02,C05,柳州,J02,产品,2.0,4.0,5.0,2.0,4.0,2.0,1.0,2.0,,2.0,6.0,8.0,4.0,1.0,4.0,3.0,3.0,5.0,3.0,,3.0,1.0,3.0,1.0,2.0,1.0,4.0,5.0,3.0,1.0,1.0,,,2.0,,,,1.0,2.0,1.0,4.0,3.0,1.0,6.0,4.0,3.0,2.0,2.0,3.0,2.0,2.0,4.0,4.0,3.0,1.0,,2.0,4.0,1.0,
C05-J03,C05,柳州,J03,其他,9.0,18.0,41.0,30.0,48.0,48.0,54.0,63.0,42.0,38.0,71.0,55.0,34.0,35.0,76.0,49.0,60.0,63.0,60.0,64.0,46.0,42.0,30.0,36.0,21.0,33.0,33.0,20.0,19.0,22.0,27.0,30.0,31.0,24.0,51.0,52.0,20.0,22.0,17.0,14.0,16.0,21.0,16.0,30.0,12.0,28.0,14.0,8.0,16.0,13.0,12.0,10.0,12.0,13.0,10.0,11.0,8.0,16.0,6.0,13.0
C05-J04,C05,柳州,J04,医疗健康,9.0,2.0,7.0,10.0,14.0,7.0,21.0,14.0,14.0,16.0,5.0,5.0,5.0,6.0,5.0,3.0,7.0,8.0,5.0,2.0,10.0,1.0,1.0,6.0,7.0,10.0,24.0,3.0,11.0,4.0,22.0,5.0,4.0,3.0,2.0,4.0,1.0,2.0,5.0,11.0,19.0,12.0,6.0,8.0,6.0,7.0,5.0,1.0,9.0,7.0,9.0,4.0,4.0,3.0,2.0,21.0,7.0,5.0,6.0,5.0
C05-J05,C05,柳州,J05,咨询/翻译/法律,3.0,1.0,5.0,7.0,14.0,7.0,34.0,3.0,3.0,11.0,8.0,5.0,5.0,4.0,4.0,5.0,5.0,8.0,3.0,4.0,4.0,1.0,1.0,2.0,2.0,2.0,8.0,7.0,8.0,2.0,3.0,6.0,2.0,,,2.0,,1.0,7.0,5.0,3.0,4.0,4.0,4.0,1.0,2.0,3.0,3.0,4.0,2.0,3.0,2.0,2.0,1.0,1.0,1.0,3.0,4.0,4.0,2.0
C05-J06,C05,柳州,J06,市场/公关/广告,23.0,50.0,46.0,53.0,63.0,64.0,68.0,61.0,63.0,54.0,51.0,36.0,46.0,52.0,86.0,38.0,43.0,53.0,38.0,54.0,40.0,19.0,15.0,21.0,16.0,39.0,30.0,34.0,27.0,30.0,21.0,17.0,23.0,26.0,7.0,7.0,4.0,32.0,37.0,38.0,31.0,44.0,29.0,35.0,42.0,55.0,32.0,28.0,20.0,28.0,28.0,25.0,30.0,23.0,27.0,20.0,37.0,38.0,25.0,17.0
C05-J07,C05,柳州,J07,房地产/建筑,51.0,90.0,140.0,108.0,137.0,145.0,159.0,156.0,188.0,85.0,126.0,74.0,122.0,125.0,211.0,140.0,155.0,109.0,114.0,135.0,104.0,75.0,57.0,40.0,42.0,88.0,95.0,60.0,40.0,61.0,59.0,49.0,27.0,33.0,20.0,9.0,15.0,42.0,52.0,53.0,40.0,44.0,52.0,53.0,37.0,57.0,46.0,23.0,31.0,33.0,51.0,27.0,38.0,30.0,43.0,21.0,51.0,30.0,22.0,37.0
C05-J08,C05,柳州,J08,教育培训,8.0,20.0,34.0,42.0,37.0,67.0,66.0,75.0,53.0,33.0,30.0,41.0,24.0,49.0,81.0,22.0,68.0,53.0,50.0,60.0,21.0,13.0,21.0,27.0,21.0,15.0,26.0,17.0,40.0,20.0,19.0,37.0,9.0,10.0,6.0,2.0,3.0,14.0,15.0,10.0,21.0,29.0,26.0,31.0,16.0,26.0,12.0,14.0,9.0,6.0,6.0,4.0,35.0,19.0,25.0,10.0,14.0,2.0,24.0,17.0
C05-J09,C05,柳州,J09,汽车,9.0,6.0,19.0,18.0,16.0,21.0,35.0,36.0,35.0,17.0,45.0,42.0,12.0,26.0,37.0,46.0,22.0,17.0,32.0,28.0,26.0,18.0,30.0,28.0,16.0,34.0,42.0,29.0,26.0,15.0,35.0,19.0,4.0,12.0,11.0,8.0,1.0,9.0,14.0,21.0,27.0,18.0,16.0,28.0,20.0,16.0,17.0,18.0,12.0,19.0,25.0,19.0,26.0,12.0,16.0,14.0,15.0,49.0,21.0,21.0
C05-J10,C05,柳州,J10,物流/仓储/运输,15.0,19.0,23.0,45.0,45.0,40.0,54.0,53.0,59.0,51.0,81.0,57.0,38.0,60.0,74.0,66.0,53.0,46.0,52.0,39.0,48.0,33.0,47.0,34.0,17.0,49.0,37.0,37.0,22.0,39.0,37.0,28.0,28.0,9.0,18.0,6.0,5.0,21.0,33.0,40.0,30.0,35.0,45.0,51.0,31.0,42.0,49.0,31.0,30.0,21.0,32.0,26.0,32.0,20.0,29.0,34.0,48.0,41.0,38.0,47.0
C05-J11,C05,柳州,J11,生产制造,66.0,69.0,121.0,175.0,131.0,131.0,150.0,173.0,143.0,180.0,182.0,98.0,83.0,137.0,187.0,129.0,127.0,126.0,151.0,240.0,128.0,124.0,104.0,84.0,71.0,160.0,193.0,153.0,101.0,105.0,134.0,159.0,105.0,64.0,41.0,31.0,35.0,74.0,131.0,122.0,156.0,195.0,205.0,262.0,230.0,214.0,184.0,122.0,140.0,190.0,205.0,181.0,175.0,155.0,227.0,201.0,185.0,137.0,183.0,216.0
C05-J12,C05,柳州,J12,电气/电子通信,6.0,5.0,13.0,2.0,3.0,11.0,10.0,8.0,10.0,18.0,9.0,4.0,6.0,8.0,24.0,11.0,8.0,14.0,7.0,14.0,17.0,5.0,8.0,6.0,7.0,15.0,22.0,12.0,9.0,8.0,16.0,15.0,5.0,1.0,6.0,3.0,2.0,7.0,10.0,21.0,12.0,14.0,13.0,11.0,10.0,12.0,5.0,11.0,3.0,11.0,6.0,7.0,7.0,6.0,6.0,8.0,10.0,11.0,10.0,11.0
C05-J13,C05,柳州,J13,直播/影视/媒体,5.0,6.0,20.0,16.0,17.0,21.0,13.0,12.0,11.0,15.0,16.0,9.0,14.0,12.0,14.0,8.0,8.0,73.0,9.0,15.0,11.0,8.0,9.0,9.0,2.0,14.0,21.0,6.0,10.0,10.0,16.0,8.0,2.0,5.0,4.0,5.0,1.0,8.0,5.0,11.0,21.0,8.0,11.0,23.0,17.0,17.0,7.0,10.0,7.0,5.0,4.0,10.0,11.0,7.0,2.0,9.0,11.0,36.0,8.0,5.0
C05-J14,C05,柳州,J14,能源/环保/农业,5.0,6.0,8.0,6.0,5.0,8.0,11.0,8.0,12.0,9.0,8.0,10.0,5.0,3.0,18.0,9.0,7.0,8.0,8.0,8.0,10.0,7.0,2.0,3.0,6.0,5.0,11.0,4.0,5.0,9.0,8.0,5.0,5.0,1.0,3.0,1.0,,3.0,14.0,6.0,9.0,7.0,8.0,4.0,5.0,4.0,11.0,3.0,9.0,9.0,20.0,8.0,3.0,3.0,8.0,,8.0,5.0,1.0,6.0
C05-J15,C05,柳州,J15,行政/人力/法务,60.0,67.0,123.0,114.0,120.0,140.0,166.0,169.0,137.0,131.0,104.0,106.0,139.0,132.0,219.0,147.0,154.0,190.0,125.0,135.0,117.0,83.0,61.0,62.0,49.0,112.0,154.0,77.0,93.0,75.0,82.0,71.0,39.0,35.0,27.0,19.0,10.0,41.0,78.0,65.0,73.0,89.0,96.0,102.0,75.0,94.0,68.0,69.0,46.0,64.0,75.0,67.0,56.0,53.0,70.0,49.0,55.0,43.0,52.0,55.0
C05-J16,C05,柳州,J16,设计,10.0,5.0,24.0,25.0,36.0,38.0,28.0,31.0,19.0,15.0,17.0,11.0,12.0,19.0,28.0,14.0,20.0,22.0,22.0,29.0,6.0,9.0,7.0,9.0,8.0,22.0,23.0,17.0,12.0,15.0,16.0,13.0,12.0,7.0,2.0,3.0,1.0,5.0,6.0,14.0,22.0,17.0,8.0,16.0,14.0,22.0,6.0,16.0,12.0,15.0,21.0,10.0,21.0,5.0,5.0,7.0,13.0,5.0,9.0,7.0
C05-J17,C05,柳州,J17,财务/税务,39.0,44.0,66.0,67.0,85.0,75.0,134.0,104.0,112.0,70.0,61.0,55.0,92.0,82.0,164.0,86.0,86.0,87.0,73.0,76.0,51.0,46.0,50.0,45.0,30.0,74.0,87.0,60.0,51.0,62.0,63.0,47.0,26.0,29.0,21.0,21.0,5.0,28.0,52.0,45.0,57.0,48.0,62.0,58.0,49.0,57.0,37.0,46.0,23.0,41.0,74.0,47.0,44.0,39.0,40.0,35.0,30.0,29.0,23.0,34.0
C05-J18,C05,柳州,J18,运营/客服,15.0,18.0,25.0,31.0,38.0,46.0,62.0,46.0,33.0,32.0,33.0,32.0,34.0,39.0,48.0,34.0,32.0,42.0,47.0,41.0,28.0,26.0,25.0,24.0,17.0,32.0,30.0,32.0,27.0,28.0,31.0,23.0,21.0,19.0,13.0,10.0,8.0,23.0,32.0,41.0,32.0,34.0,34.0,30.0,22.0,29.0,19.0,21.0,22.0,19.0,30.0,18.0,25.0,19.0,32.0,28.0,17.0,19.0,27.0,10.0
C05-J19,C05,柳州,J19,酒店/旅游,3.0,,4.0,6.0,11.0,5.0,5.0,9.0,8.0,18.0,7.0,6.0,5.0,5.0,6.0,4.0,19.0,5.0,7.0,6.0,4.0,5.0,1.0,6.0,5.0,11.0,3.0,4.0,,5.0,10.0,1.0,1.0,2.0,,,1.0,,1.0,8.0,8.0,5.0,3.0,1.0,6.0,4.0,3.0,1.0,1.0,4.0,2.0,14.0,4.0,2.0,7.0,2.0,3.0,5.0,1.0,2.0
C05-J20,C05,柳州,J20,采购/贸易,2.0,3.0,8.0,12.0,10.0,5.0,14.0,13.0,14.0,10.0,10.0,6.0,9.0,15.0,18.0,15.0,18.0,23.0,15.0,17.0,11.0,6.0,6.0,10.0,3.0,16.0,7.0,8.0,14.0,9.0,17.0,13.0,7.0,2.0,2.0,8.0,,4.0,9.0,5.0,15.0,8.0,11.0,15.0,15.0,14.0,11.0,6.0,4.0,15.0,17.0,14.0,10.0,9.0,11.0,6.0,11.0,10.0,9.0,14.0
C05-J21,C05,柳州,J21,金融,4.0,14.0,20.0,10.0,6.0,11.0,19.0,17.0,14.0,14.0,14.0,11.0,15.0,6.0,25.0,7.0,17.0,6.0,15.0,15.0,13.0,10.0,9.0,6.0,14.0,22.0,12.0,13.0,16.0,9.0,9.0,8.0,,3.0,2.0,4.0,1.0,3.0,7.0,8.0,4.0,14.0,4.0,14.0,4.0,9.0,6.0,1.0,11.0,6.0,20.0,5.0,9.0,10.0,15.0,11.0,9.0,5.0,8.0,6.0
C05-J22,C05,柳州,J22,销售,63.0,51.0,108.0,104.0,124.0,118.0,140.0,154.0,170.0,144.0,110.0,97.0,68.0,113.0,210.0,120.0,153.0,133.0,116.0,117.0,89.0,118.0,63.0,77.0,48.0,101.0,171.0,88.0,104.0,98.0,76.0,77.0,58.0,61.0,20.0,22.0,11.0,53.0,104.0,82.0,86.0,96.0,80.0,80.0,93.0,69.0,71.0,47.0,49.0,50.0,56.0,67.0,63.0,36.0,51.0,50.0,68.0,45.0,60.0,50.0
C05-J23,C05,柳州,J23,零售百货/生活服务,12.0,26.0,50.0,39.0,55.0,50.0,37.0,41.0,40.0,36.0,43.0,60.0,15.0,42.0,65.0,35.0,61.0,62.0,38.0,41.0,40.0,25.0,25.0,21.0,13.0,29.0,42.0,39.0,27.0,18.0,27.0,21.0,18.0,13.0,6.0,7.0,3.0,15.0,24.0,11.0,39.0,32.0,32.0,39.0,37.0,17.0,37.0,28.0,28.0,26.0,27.0,18.0,32.0,25.0,16.0,27.0,20.0,25.0,17.0,24.0
C05-J24,C05,柳州,J24,餐饮,7.0,5.0,15.0,23.0,14.0,23.0,32.0,26.0,40.0,81.0,20.0,31.0,11.0,21.0,35.0,25.0,39.0,26.0,29.0,26.0,21.0,25.0,13.0,7.0,5.0,19.0,16.0,27.0,4.0,12.0,17.0,18.0,9.0,4.0,10.0,1.0,3.0,7.0,13.0,12.0,16.0,14.0,6.0,28.0,26.0,23.0,26.0,28.0,12.0,23.0,12.0,15.0,25.0,14.0,14.0,20.0,13.0,14.0,15.0,10.0
C05-J25,C05,柳州,J25,高级管理,9.0,12.0,8.0,13.0,17.0,12.0,21.0,24.0,14.0,11.0,13.0,16.0,12.0,9.0,20.0,6.0,16.0,11.0,15.0,13.0,12.0,5.0,6.0,10.0,13.0,8.0,9.0,9.0,6.0,8.0,10.0,9.0,6.0,5.0,4.0,4.0,1.0,11.0,16.0,17.0,24.0,23.0,15.0,22.0,15.0,9.0,16.0,10.0,18.0,8.0,12.0,8.0,23.0,14.0,15.0,9.0,14.0,8.0,15.0,5.0
C06-J01,C06,桂平,J01,IT互联网,1.0,,,,,,,,1.0,1.0,3.0,1.0,,4.0,1.0,,,1.0,,,2.0,,,,2.0,,1.0,,,2.0,,,,,,,,,2.0,,,1.0,,,,,,,,,,,,,,,,,,
C06-J03,C06,桂平,J03,其他,2.0,,2.0,,,,1.0,,2.0,2.0,,2.0,2.0,,2.0,,,2.0,,,1.0,,,,3.0,,1.0,3.0,1.0,1.0,2.0,,,,,,,,1.0,,,1.0,,1.0,,,,,,,,,,,,,,,,
C06-J04,C06,桂平,J04,医疗健康,1.0,,,,,2.0,3.0,,2.0,,,,,2.0,,,,,1.0,,5.0,,,1.0,,,,,,,3.0,1.0,5.0,,,4.0,,,5.0,,,,,,,,,,,,,,,,1.0,,,,,
C06-J05,C06,桂平,J05,咨询/翻译/法律,,,,,,,,,,,,,1.0,1.0,,,,2.0,,,,,,,,,,,,,,,,,,,,,,,,,,,,,,,,,,,,,,,,,,
C06-J06,C06,桂平,J06,市场/公关/广告,1.0,,,2.0,1.0,2.0,2.0,2.0,4.0,2.0,,3.0,,,,,,4.0,,1.0,2.0,,,2.0,,,1.0,1.0,,,,1.0,,,1.0,,,1.0,,1.0,,1.0,,1.0,,,,,,,,,,,,,,,,
C06-J07,C06,桂平,J07,房地产/建筑,,,2.0,3.0,1.0,3.0,2.0,,4.0,9.0,1.0,3.0,9.0,3.0,1.0,2.0,5.0,7.0,5.0,1.0,13.0,,,2.0,2.0,,,,,2.0,,1.0,,,,,,,,1.0,2.0,1.0,,4.0,,,,,,,1.0,,,,,,,,,
C06-J08,C06,桂平,J08,教育培训,3.0,1.0,,,1.0,2.0,1.0,2.0,,3.0,,2.0,2.0,,,1.0,6.0,16.0,1.0,3.0,,,3.0,,2.0,2.0,,,,,9.0,2.0,,,1.0,,3.0,2.0,2.0,8.0,2.0,,2.0,,,,,,,,,,,,,,,,,
C06-J09,C06,桂平,J09,汽车,,,,,,,,,,,,,,,1.0,,,,3.0,,,,,,,,,,,,3.0,,,,,,,1.0,,,,,,,,,,,,,,,,,,,,,,
C06-J10,C06,桂平,J10,物流/仓储/运输,,3.0,,,2.0,1.0,2.0,1.0,2.0,,3.0,,3.0,1.0,2.0,,2.0,1.0,1.0,,2.0,,,2.0,4.0,1.0,,2.0,,1.0,,,,,1.0,,,,1.0,,,,,1.0,,,,,1.0,,,,,,,,,,,
C06-J11,C06,桂平,J11,生产制造,3.0,,3.0,2.0,5.0,3.0,1.0,2.0,5.0,9.0,,,39.0,4.0,3.0,2.0,3.0,3.0,,,14.0,1.0,1.0,2.0,73.0,2.0,,1.0,2.0,1.0,2.0,,2.0,1.0,,1.0,2.0,1.0,2.0,2.0,1.0,1.0,1.0,4.0,1.0,1.0,,,,,3.0,,,,,,,,,
C06-J12,C06,桂平,J12,电气/电子通信,,,,,,1.0,,,,3.0,,,1.0,1.0,,,1.0,,,,,,,,,,1.0,,,,1.0,,,,,,,,,,1.0,1.0,,2.0,,,,,,,,,,,,,,,,
C06-J13,C06,桂平,J13,直播/影视/媒体,,,,,1.0,,,,,,2.0,,,,,,,,,,,,,,1.0,,1.0,3.0,2.0,,,,,,,,,,,,,,,,,,,,,,,,,,,,,,,
C06-J14,C06,桂平,J14,能源/环保/农业,,,,,,1.0,,1.0,,1.0,,,,,,,2.0,,2.0,1.0,13.0,,,,1.0,1.0,,,3.0,,,,,,,,,,1.0,2.0,2.0,,,,,,,,,,,,,,,,,,,
C06-J15,C06,桂平,J15,行政/人力/法务,3.0,,1.0,6.0,1.0,2.0,5.0,2.0,5.0,,7.0,1.0,5.0,2.0,4.0,2.0,3.0,6.0,2.0,2.0,6.0,2.0,2.0,,6.0,1.0,2.0,1.0,,3.0,6.0,,,,,,,1.0,2.0,3.0,7.0,1.0,2.0,3.0,,,,,,,2.0,1.0,,,,,,,,
C06-J16,C06,桂平,J16,设计,1.0,,,,,,,1.0,2.0,1.0,3.0,,3.0,,,,,3.0,2.0,,2.0,,,,2.0,,,1.0,,,,1.0,,,,,,,,,,,,,,,,,,,,,,,,,,,,
C06-J17,C06,桂平,J17,财务/税务,,,,4.0,1.0,1.0,1.0,2.0,1.0,2.0,4.0,1.0,2.0,3.0,1.0,3.0,1.0,4.0,5.0,3.0,2.0,,,,3.0,,,1.0,,,1.0,2.0,,,,1.0,,,2.0,3.0,10.0,,,1.0,,,3.0,1.0,,,,,,,,,,,,
C06-J18,C06,桂平,J18,运营/客服,1.0,,,,1.0,1.0,,,2.0,,2.0,1.0,1.0,1.0,1.0,,1.0,3.0,1.0,,1.0,1.0,,,2.0,,1.0,1.0,,,,,,,,,,,1.0,,2.0,1.0,,,,,,,,,,,,,,,,,,
C06-J19,C06,桂平,J19,酒店/旅游,,,,,,,,,,,,,1.0,,,,1.0,,,,,,,,,,,,,,2.0,,,,,,,,,,,,,,,,,,,,,,,,,,,,,
C06-J20,C06,桂平,J20,采购/贸易,,,,,,,,,,,1.0,,,,1.0,,1.0,,,,1.0,,,,,,,,,,,,,,1.0,,1.0,,1.0,,,,,1.0,,,,1.0,1.0,,,,,,1.0,1.0,,,,
C06-J21,C06,桂平,J21,金融,,,,,,1.0,,,,,,,,,,,,,,,,,,1.0,1.0,,,,,,,,,,,,,,,1.0,,,,,,,,,,,,,,,,,,,,
C06-J22,C06,桂平,J22,销售,,2.0,,1.0,,1.0,,1.0,5.0,1.0,2.0,,4.0,6.0,1.0,,1.0,5.0,3.0,1.0,8.0,,,,6.0,1.0,4.0,4.0,,,,1.0,,1.0,2.0,,,1.0,2.0,,,1.0,,5.0,,,,,,1.0,,,,,,,,,,
C06-J23,C06,桂平,J23,零售百货/生活服务,1.0,,2.0,,3.0,,,2.0,1.0,,11.0,,11.0,1.0,10.0,2.0,,,3.0,,7.0,2.0,,2.0,,,,,,,5.0,1.0,,,,1.0,,,,1.0,,2.0,,,1.0,,,,,,,,,,,,,,,
C06-J24,C06,桂平,J24,餐饮,,,,,,,1.0,,1.0,,4.0,,4.0,,2.0,,,,,,,2.0,,2.0,1.0,,,,,,,,,,,,,,,,,,,1.0,,,,,,,,,,,,,,,,
C06-J25,C06,桂平,J25,高级管理,,,,1.0,,1.0,1.0,1.0,19.0,,,,4.0,,,,,1.0,1.0,,,,,,,,,,,,,,,,,,,1.0,1.0,,1.0,,,1.0,,,1.0,,,,,,,,,,,,,
C07-J01,C07,桂林,J01,IT互联网,35.0,14.0,23.0,9.0,10.0,16.0,17.0,12.0,3.0,6.0,7.0,5.0,25.0,12.0,11.0,6.0,14.0,9.0,9.0,6.0,3.0,3.0,6.0,10.0,6.0,15.0,71.0,15.0,16.0,5.0,7.0,4.0,8.0,4.0,8.0,3.0,5.0,14.0,10.0,3.0,5.0,14.0,15.0,10.0,9.0,3.0,3.0,6.0,5.0,2.0,4.0,3.0,6.0,6.0,11.0,4.0,4.0,5.0,4.0,8.0
C07-J02,C07,桂林,J02,产品,1.0,1.0,2.0,1.0,1.0,1.0,1.0,3.0,,,3.0,,,1.0,2.0,1.0,1.0,,1.0,2.0,,,1.0,,1.0,1.0,10.0,1.0,2.0,1.0,,,,,,1.0,1.0,1.0,2.0,1.0,1.0,1.0,,1.0,,1.0,,1.0,1.0,1.0,,1.0,,,3.0,1.0,4.0,2.0,,
C07-J03,C07,桂林,J03,其他,17.0,13.0,13.0,20.0,12.0,12.0,16.0,12.0,12.0,7.0,10.0,12.0,4.0,2.0,8.0,2.0,14.0,10.0,8.0,4.0,7.0,11.0,5.0,9.0,2.0,6.0,35.0,5.0,4.0,8.0,10.0,3.0,7.0,4.0,,8.0,5.0,3.0,6.0,5.0,6.0,1.0,2.0,6.0,1.0,4.0,1.0,,1.0,3.0,6.0,5.0,3.0,,6.0,2.0,7.0,1.0,5.0,1.0
C07-J04,C07,桂林,J04,医疗健康,10.0,7.0,5.0,4.0,32.0,7.0,6.0,5.0,4.0,2.0,14.0,,4.0,2.0,3.0,1.0,8.0,3.0,5.0,7.0,,,2.0,,2.0,5.0,15.0,4.0,,1.0,6.0,1.0,2.0,3.0,,,,,4.0,3.0,2.0,2.0,3.0,2.0,2.0,7.0,1.0,3.0,4.0,6.0,6.0,2.0,3.0,2.0,3.0,5.0,3.0,2.0,,1.0
C07-J05,C07,桂林,J05,咨询/翻译/法律,4.0,3.0,6.0,2.0,,1.0,2.0,1.0,3.0,,,3.0,1.0,,2.0,3.0,2.0,,3.0,,5.0,,1.0,,1.0,1.0,6.0,1.0,,,,1.0,,,,,,2.0,,3.0,,2.0,2.0,,1.0,1.0,,2.0,,,,2.0,,,,,,,1.0,1.0
C07-J06,C07,桂林,J06,市场/公关/广告,25.0,22.0,34.0,38.0,17.0,11.0,30.0,14.0,21.0,9.0,8.0,5.0,10.0,10.0,18.0,4.0,11.0,20.0,12.0,13.0,5.0,4.0,10.0,6.0,9.0,16.0,45.0,13.0,11.0,3.0,7.0,2.0,4.0,4.0,2.0,5.0,2.0,6.0,16.0,12.0,9.0,11.0,11.0,14.0,4.0,3.0,4.0,6.0,8.0,4.0,5.0,6.0,5.0,1.0,15.0,6.0,7.0,1.0,9.0,12.0
C07-J07,C07,桂林,J07,房地产/建筑,33.0,83.0,97.0,68.0,48.0,53.0,47.0,40.0,35.0,31.0,24.0,21.0,55.0,26.0,41.0,45.0,37.0,42.0,46.0,36.0,18.0,6.0,12.0,10.0,10.0,17.0,97.0,12.0,25.0,18.0,25.0,14.0,20.0,11.0,9.0,6.0,14.0,29.0,25.0,24.0,29.0,24.0,23.0,23.0,13.0,9.0,12.0,14.0,7.0,13.0,16.0,17.0,18.0,9.0,17.0,16.0,12.0,10.0,17.0,12.0
C07-J08,C07,桂林,J08,教育培训,10.0,24.0,6.0,6.0,29.0,53.0,20.0,2.0,6.0,20.0,4.0,2.0,15.0,24.0,7.0,11.0,11.0,6.0,26.0,12.0,2.0,2.0,5.0,,3.0,6.0,38.0,3.0,5.0,4.0,3.0,4.0,,1.0,,2.0,1.0,5.0,2.0,3.0,21.0,8.0,10.0,2.0,6.0,2.0,2.0,4.0,5.0,1.0,7.0,5.0,2.0,14.0,3.0,5.0,13.0,3.0,2.0,10.0
C07-J09,C07,桂林,J09,汽车,2.0,,8.0,1.0,1.0,4.0,,,1.0,,,,,,,,,1.0,,1.0,,,,,,,1.0,,1.0,,,,3.0,,,,,1.0,,,2.0,,1.0,,2.0,,1.0,,,,,,,1.0,,1.0,,,,
C07-J10,C07,桂林,J10,物流/仓储/运输,3.0,7.0,6.0,9.0,8.0,9.0,8.0,8.0,5.0,6.0,2.0,4.0,3.0,2.0,6.0,3.0,6.0,3.0,2.0,4.0,5.0,2.0,6.0,7.0,1.0,6.0,20.0,3.0,1.0,7.0,6.0,2.0,1.0,2.0,3.0,2.0,2.0,4.0,3.0,4.0,6.0,4.0,6.0,5.0,5.0,5.0,1.0,1.0,8.0,3.0,5.0,3.0,4.0,4.0,3.0,1.0,3.0,2.0,1.0,3.0
C07-J11,C07,桂林,J11,生产制造,35.0,40.0,46.0,39.0,43.0,27.0,25.0,45.0,19.0,20.0,17.0,19.0,31.0,17.0,30.0,17.0,17.0,25.0,22.0,32.0,12.0,6.0,4.0,9.0,4.0,13.0,173.0,8.0,20.0,28.0,30.0,39.0,28.0,23.0,12.0,10.0,14.0,45.0,32.0,58.0,24.0,25.0,16.0,23.0,9.0,7.0,16.0,8.0,11.0,10.0,7.0,11.0,17.0,19.0,29.0,29.0,21.0,5.0,5.0,8.0
C07-J12,C07,桂林,J12,电气/电子通信,1.0,5.0,7.0,6.0,3.0,,3.0,9.0,4.0,1.0,,1.0,4.0,1.0,3.0,7.0,3.0,,4.0,10.0,1.0,3.0,,1.0,,4.0,35.0,2.0,1.0,3.0,9.0,2.0,2.0,,1.0,1.0,2.0,8.0,8.0,7.0,2.0,1.0,5.0,13.0,1.0,4.0,1.0,,4.0,7.0,4.0,4.0,2.0,10.0,4.0,3.0,2.0,,3.0,3.0
C07-J13,C07,桂林,J13,直播/影视/媒体,4.0,2.0,3.0,2.0,,3.0,6.0,2.0,,2.0,1.0,3.0,4.0,1.0,3.0,4.0,1.0,2.0,3.0,2.0,,1.0,1.0,4.0,2.0,1.0,7.0,,4.0,1.0,2.0,4.0,2.0,1.0,,1.0,1.0,2.0,2.0,1.0,5.0,5.0,6.0,2.0,1.0,2.0,,1.0,1.0,4.0,2.0,6.0,4.0,1.0,2.0,6.0,,1.0,3.0,3.0
C07-J14,C07,桂林,J14,能源/环保/农业,5.0,5.0,9.0,2.0,6.0,1.0,2.0,6.0,2.0,2.0,,,1.0,2.0,8.0,1.0,9.0,1.0,3.0,1.0,3.0,1.0,,,,3.0,15.0,1.0,,,4.0,,2.0,2.0,,3.0,2.0,3.0,,3.0,2.0,3.0,2.0,6.0,3.0,2.0,2.0,1.0,,2.0,11.0,4.0,3.0,8.0,6.0,2.0,8.0,1.0,4.0,1.0
C07-J15,C07,桂林,J15,行政/人力/法务,65.0,41.0,71.0,51.0,51.0,39.0,47.0,43.0,38.0,24.0,23.0,14.0,27.0,24.0,29.0,33.0,30.0,23.0,33.0,24.0,28.0,18.0,13.0,14.0,16.0,37.0,77.0,11.0,20.0,21.0,22.0,23.0,20.0,15.0,11.0,11.0,11.0,40.0,35.0,31.0,24.0,22.0,19.0,28.0,15.0,9.0,12.0,20.0,14.0,13.0,21.0,16.0,20.0,11.0,19.0,10.0,16.0,16.0,6.0,8.0
C07-J16,C07,桂林,J16,设计,5.0,5.0,9.0,9.0,5.0,6.0,10.0,12.0,4.0,3.0,2.0,3.0,4.0,3.0,12.0,4.0,7.0,10.0,9.0,4.0,5.0,2.0,5.0,4.0,4.0,6.0,15.0,2.0,2.0,2.0,5.0,2.0,2.0,5.0,,,4.0,1.0,2.0,4.0,2.0,2.0,3.0,2.0,3.0,,3.0,1.0,,3.0,3.0,9.0,1.0,2.0,1.0,5.0,6.0,4.0,1.0,3.0
C07-J17,C07,桂林,J17,财务/税务,33.0,19.0,41.0,16.0,23.0,21.0,32.0,20.0,13.0,8.0,10.0,9.0,13.0,16.0,18.0,15.0,15.0,17.0,13.0,10.0,10.0,6.0,7.0,10.0,4.0,28.0,38.0,13.0,11.0,9.0,11.0,18.0,6.0,10.0,8.0,8.0,3.0,18.0,18.0,11.0,17.0,14.0,12.0,13.0,8.0,6.0,2.0,4.0,4.0,9.0,15.0,14.0,9.0,8.0,14.0,9.0,10.0,11.0,4.0,3.0
C07-J18,C07,桂林,J18,运营/客服,19.0,37.0,44.0,37.0,20.0,11.0,10.0,14.0,13.0,9.0,4.0,4.0,5.0,8.0,5.0,6.0,15.0,10.0,5.0,8.0,9.0,7.0,7.0,10.0,9.0,10.0,48.0,8.0,7.0,9.0,3.0,9.0,6.0,8.0,3.0,5.0,8.0,5.0,13.0,6.0,17.0,9.0,9.0,6.0,3.0,5.0,2.0,9.0,8.0,5.0,6.0,6.0,6.0,4.0,11.0,4.0,6.0,3.0,1.0,4.0
C07-J19,C07,桂林,J19,酒店/旅游,4.0,,3.0,7.0,7.0,1.0,1.0,4.0,7.0,2.0,3.0,,5.0,,4.0,7.0,5.0,6.0,4.0,1.0,2.0,1.0,,2.0,,2.0,11.0,,9.0,5.0,1.0,1.0,2.0,3.0,,,2.0,3.0,6.0,2.0,3.0,1.0,3.0,2.0,,3.0,1.0,8.0,3.0,5.0,3.0,8.0,7.0,4.0,8.0,1.0,6.0,3.0,2.0,11.0
C07-J20,C07,桂林,J20,采购/贸易,5.0,6.0,9.0,5.0,12.0,6.0,6.0,5.0,3.0,3.0,2.0,1.0,2.0,,5.0,4.0,1.0,3.0,2.0,9.0,6.0,,3.0,7.0,1.0,4.0,23.0,1.0,3.0,,2.0,2.0,5.0,,,3.0,1.0,10.0,6.0,3.0,4.0,4.0,2.0,,,1.0,1.0,2.0,3.0,2.0,1.0,5.0,2.0,2.0,7.0,1.0,2.0,1.0,1.0,2.0
C07-J21,C07,桂林,J21,金融,3.0,10.0,11.0,4.0,8.0,6.0,7.0,3.0,9.0,2.0,5.0,4.0,5.0,2.0,2.0,2.0,4.0,6.0,2.0,1.0,3.0,2.0,4.0,,2.0,,9.0,4.0,6.0,5.0,9.0,,3.0,,3.0,1.0,7.0,5.0,7.0,4.0,4.0,5.0,5.0,4.0,1.0,6.0,,3.0,,1.0,3.0,,3.0,1.0,,2.0,4.0,,,1.0
C07-J22,C07,桂林,J22,销售,81.0,60.0,101.0,64.0,40.0,45.0,50.0,34.0,29.0,11.0,18.0,24.0,16.0,23.0,21.0,16.0,26.0,39.0,42.0,28.0,31.0,11.0,24.0,20.0,13.0,23.0,147.0,12.0,16.0,20.0,21.0,11.0,11.0,13.0,12.0,9.0,12.0,33.0,19.0,20.0,23.0,23.0,12.0,10.0,12.0,4.0,6.0,8.0,13.0,22.0,16.0,9.0,12.0,9.0,11.0,14.0,5.0,8.0,5.0,19.0
C07-J23,C07,桂林,J23,零售百货/生活服务,16.0,12.0,22.0,15.0,14.0,7.0,15.0,8.0,7.0,4.0,8.0,5.0,8.0,6.0,8.0,14.0,21.0,6.0,11.0,7.0,6.0,12.0,7.0,14.0,1.0,3.0,29.0,1.0,10.0,7.0,5.0,3.0,11.0,7.0,8.0,1.0,3.0,4.0,3.0,6.0,12.0,2.0,5.0,7.0,4.0,1.0,5.0,8.0,2.0,5.0,3.0,8.0,13.0,6.0,5.0,8.0,13.0,5.0,2.0,5.0
C07-J24,C07,桂林,J24,餐饮,20.0,4.0,9.0,12.0,10.0,2.0,8.0,4.0,5.0,6.0,6.0,2.0,8.0,,7.0,7.0,11.0,8.0,4.0,7.0,3.0,4.0,6.0,4.0,1.0,1.0,27.0,1.0,10.0,14.0,2.0,4.0,4.0,2.0,,1.0,3.0,3.0,3.0,4.0,3.0,4.0,1.0,1.0,3.0,2.0,1.0,1.0,,4.0,3.0,2.0,4.0,3.0,4.0,2.0,6.0,3.0,1.0,3.0
C07-J25,C07,桂林,J25,高级管理,6.0,25.0,14.0,8.0,9.0,3.0,10.0,5.0,7.0,,,2.0,7.0,3.0,9.0,4.0,2.0,3.0,3.0,3.0,6.0,4.0,3.0,,3.0,,9.0,1.0,2.0,,1.0,1.0,1.0,5.0,,1.0,3.0,10.0,16.0,13.0,6.0,3.0,5.0,8.0,6.0,3.0,2.0,4.0,1.0,5.0,17.0,3.0,2.0,2.0,4.0,2.0,3.0,4.0,1.0,2.0
C08-J01,C08,梧州,J01,IT互联网,,5.0,9.0,5.0,17.0,8.0,6.0,7.0,10.0,2.0,5.0,3.0,2.0,4.0,10.0,2.0,4.0,4.0,5.0,8.0,5.0,5.0,5.0,6.0,1.0,22.0,4.0,19.0,7.0,6.0,4.0,7.0,3.0,4.0,7.0,1.0,,2.0,7.0,2.0,2.0,10.0,2.0,5.0,6.0,,4.0,2.0,3.0,2.0,3.0,4.0,2.0,2.0,2.0,3.0,2.0,2.0,3.0,6.0
C08-J02,C08,梧州,J02,产品,,1.0,,2.0,2.0,2.0,,1.0,,2.0,,1.0,,1.0,1.0,2.0,,,,,,1.0,1.0,1.0,1.0,1.0,1.0,2.0,1.0,1.0,,,,,,1.0,,,,,1.0,1.0,,,,1.0,,2.0,,,,1.0,,,2.0,,2.0,,,1.0
C08-J03,C08,梧州,J03,其他,1.0,2.0,1.0,2.0,25.0,10.0,6.0,7.0,6.0,3.0,10.0,2.0,6.0,9.0,9.0,4.0,2.0,9.0,4.0,6.0,2.0,2.0,3.0,7.0,1.0,20.0,5.0,3.0,17.0,4.0,3.0,7.0,2.0,4.0,4.0,5.0,2.0,3.0,1.0,1.0,2.0,5.0,8.0,1.0,3.0,2.0,5.0,,5.0,2.0,2.0,7.0,4.0,2.0,4.0,3.0,3.0,,2.0,1.0
C08-J04,C08,梧州,J04,医疗健康,10.0,1.0,,2.0,6.0,3.0,1.0,1.0,3.0,1.0,1.0,4.0,,5.0,2.0,6.0,1.0,3.0,3.0,,1.0,4.0,6.0,1.0,6.0,48.0,163.0,12.0,4.0,7.0,11.0,33.0,,2.0,1.0,39.0,1.0,,,,5.0,,17.0,3.0,1.0,1.0,,2.0,,1.0,,2.0,2.0,5.0,,1.0,,2.0,1.0,1.0
C08-J05,C08,梧州,J05,咨询/翻译/法律,,1.0,4.0,,5.0,7.0,1.0,,1.0,2.0,1.0,,,1.0,3.0,1.0,3.0,1.0,2.0,1.0,3.0,1.0,3.0,,,8.0,1.0,1.0,5.0,,1.0,,2.0,2.0,,,,,,,3.0,1.0,,1.0,,,,,,,,1.0,1.0,,,1.0,1.0,1.0,1.0,1.0
C08-J06,C08,梧州,J06,市场/公关/广告,4.0,8.0,6.0,12.0,22.0,18.0,23.0,15.0,17.0,13.0,13.0,17.0,12.0,21.0,19.0,13.0,14.0,19.0,12.0,16.0,15.0,10.0,10.0,5.0,3.0,16.0,19.0,5.0,20.0,8.0,3.0,4.0,8.0,8.0,2.0,1.0,1.0,3.0,5.0,4.0,4.0,11.0,4.0,11.0,4.0,5.0,9.0,8.0,7.0,8.0,12.0,5.0,9.0,7.0,2.0,7.0,3.0,3.0,6.0,10.0
C08-J07,C08,梧州,J07,房地产/建筑,16.0,13.0,44.0,24.0,87.0,40.0,38.0,33.0,26.0,22.0,32.0,23.0,34.0,29.0,63.0,38.0,43.0,60.0,41.0,22.0,51.0,16.0,29.0,21.0,18.0,52.0,19.0,20.0,26.0,18.0,22.0,23.0,20.0,13.0,11.0,4.0,13.0,9.0,8.0,11.0,16.0,19.0,5.0,23.0,15.0,9.0,7.0,13.0,3.0,8.0,16.0,10.0,17.0,4.0,7.0,8.0,12.0,6.0,8.0,6.0
C08-J08,C08,梧州,J08,教育培训,1.0,3.0,6.0,4.0,77.0,81.0,15.0,36.0,18.0,16.0,8.0,13.0,9.0,12.0,25.0,11.0,17.0,7.0,10.0,8.0,7.0,5.0,6.0,10.0,5.0,5.0,6.0,38.0,15.0,5.0,25.0,124.0,5.0,3.0,3.0,4.0,1.0,,5.0,6.0,3.0,4.0,34.0,12.0,10.0,1.0,5.0,11.0,2.0,2.0,3.0,25.0,1.0,4.0,14.0,9.0,3.0,2.0,,23.0
C08-J09,C08,梧州,J09,汽车,,,2.0,1.0,6.0,3.0,,1.0,3.0,3.0,1.0,,1.0,2.0,4.0,3.0,1.0,2.0,5.0,3.0,2.0,2.0,4.0,,3.0,10.0,2.0,2.0,5.0,7.0,2.0,,3.0,4.0,,1.0,1.0,2.0,1.0,3.0,,1.0,1.0,3.0,1.0,2.0,,,3.0,3.0,2.0,,,,,,2.0,1.0,,
C08-J10,C08,梧州,J10,物流/仓储/运输,7.0,2.0,7.0,7.0,34.0,12.0,14.0,11.0,11.0,3.0,12.0,7.0,7.0,9.0,16.0,13.0,10.0,11.0,10.0,16.0,12.0,6.0,13.0,3.0,5.0,53.0,11.0,7.0,19.0,10.0,4.0,11.0,2.0,4.0,9.0,3.0,8.0,7.0,6.0,5.0,3.0,10.0,2.0,7.0,5.0,10.0,2.0,6.0,7.0,4.0,10.0,9.0,9.0,8.0,7.0,6.0,3.0,4.0,5.0,11.0
C08-J11,C08,梧州,J11,生产制造,17.0,27.0,29.0,28.0,211.0,71.0,49.0,27.0,28.0,33.0,56.0,33.0,34.0,49.0,42.0,63.0,43.0,72.0,33.0,40.0,29.0,34.0,30.0,20.0,24.0,321.0,48.0,34.0,146.0,38.0,49.0,27.0,18.0,15.0,19.0,20.0,10.0,27.0,20.0,28.0,20.0,35.0,27.0,51.0,30.0,24.0,28.0,36.0,35.0,8.0,40.0,39.0,43.0,25.0,40.0,21.0,40.0,27.0,14.0,23.0
C08-J12,C08,梧州,J12,电气/电子通信,,3.0,1.0,,17.0,12.0,3.0,3.0,1.0,5.0,1.0,3.0,,4.0,2.0,7.0,3.0,1.0,2.0,5.0,4.0,,3.0,4.0,2.0,25.0,2.0,6.0,12.0,3.0,4.0,3.0,2.0,1.0,1.0,2.0,3.0,1.0,1.0,,5.0,7.0,6.0,5.0,7.0,4.0,2.0,1.0,4.0,1.0,2.0,1.0,2.0,3.0,4.0,,5.0,3.0,3.0,1.0
C08-J13,C08,梧州,J13,直播/影视/媒体,,,,,1.0,5.0,,,1.0,,2.0,1.0,,,1.0,1.0,3.0,,2.0,,,,4.0,1.0,1.0,2.0,7.0,,1.0,,4.0,3.0,2.0,3.0,1.0,2.0,1.0,,3.0,5.0,1.0,,1.0,1.0,4.0,3.0,,,,,1.0,,,,,,1.0,,,
C08-J14,C08,梧州,J14,能源/环保/农业,2.0,1.0,7.0,1.0,9.0,6.0,4.0,2.0,3.0,1.0,,5.0,3.0,7.0,6.0,3.0,9.0,3.0,2.0,2.0,17.0,3.0,3.0,4.0,1.0,5.0,5.0,5.0,4.0,2.0,9.0,9.0,2.0,1.0,1.0,1.0,,4.0,1.0,1.0,2.0,6.0,6.0,4.0,2.0,1.0,3.0,5.0,,1.0,,1.0,1.0,12.0,5.0,2.0,2.0,1.0,5.0,6.0
C08-J15,C08,梧州,J15,行政/人力/法务,13.0,26.0,45.0,27.0,75.0,48.0,41.0,41.0,36.0,25.0,35.0,31.0,25.0,41.0,60.0,60.0,28.0,46.0,53.0,49.0,19.0,24.0,22.0,10.0,17.0,86.0,37.0,20.0,50.0,26.0,32.0,22.0,25.0,24.0,15.0,5.0,17.0,21.0,24.0,13.0,14.0,23.0,17.0,36.0,17.0,15.0,17.0,13.0,11.0,14.0,20.0,28.0,26.0,19.0,16.0,21.0,7.0,9.0,13.0,12.0
C08-J16,C08,梧州,J16,设计,,3.0,9.0,2.0,14.0,12.0,3.0,7.0,4.0,5.0,3.0,6.0,5.0,1.0,13.0,4.0,3.0,8.0,3.0,7.0,8.0,7.0,7.0,2.0,1.0,17.0,6.0,1.0,10.0,4.0,2.0,3.0,3.0,1.0,,,1.0,3.0,1.0,1.0,2.0,1.0,3.0,2.0,2.0,6.0,1.0,4.0,1.0,,1.0,3.0,3.0,2.0,1.0,1.0,2.0,,1.0,1.0
C08-J17,C08,梧州,J17,财务/税务,11.0,19.0,13.0,20.0,62.0,26.0,22.0,23.0,27.0,10.0,25.0,19.0,13.0,23.0,35.0,36.0,20.0,28.0,19.0,28.0,22.0,18.0,25.0,16.0,20.0,63.0,26.0,16.0,37.0,16.0,22.0,19.0,10.0,14.0,10.0,2.0,7.0,22.0,11.0,14.0,7.0,15.0,16.0,12.0,10.0,4.0,4.0,7.0,11.0,3.0,18.0,7.0,12.0,10.0,7.0,16.0,8.0,6.0,9.0,5.0
C08-J18,C08,梧州,J18,运营/客服,1.0,2.0,13.0,11.0,27.0,15.0,13.0,8.0,10.0,6.0,12.0,9.0,10.0,3.0,16.0,8.0,20.0,16.0,9.0,9.0,13.0,11.0,8.0,5.0,4.0,23.0,10.0,4.0,7.0,11.0,,13.0,10.0,9.0,5.0,3.0,2.0,7.0,8.0,11.0,8.0,2.0,7.0,4.0,7.0,8.0,3.0,8.0,3.0,2.0,7.0,5.0,4.0,3.0,1.0,5.0,4.0,6.0,1.0,4.0
C08-J19,C08,梧州,J19,酒店/旅游,,1.0,5.0,,11.0,4.0,,,1.0,1.0,1.0,,,,,3.0,1.0,2.0,5.0,7.0,,1.0,2.0,,,8.0,,1.0,1.0,,,,1.0,1.0,,1.0,1.0,,1.0,,,,,,,,1.0,,,,2.0,1.0,1.0,1.0,,,2.0,4.0,,3.0
C08-J20,C08,梧州,J20,采购/贸易,,5.0,6.0,5.0,17.0,6.0,12.0,4.0,2.0,1.0,7.0,4.0,7.0,1.0,9.0,7.0,2.0,7.0,8.0,5.0,5.0,5.0,3.0,1.0,4.0,28.0,8.0,5.0,8.0,4.0,2.0,3.0,5.0,5.0,2.0,,7.0,5.0,3.0,11.0,5.0,5.0,2.0,8.0,2.0,2.0,,4.0,3.0,3.0,,3.0,9.0,2.0,,3.0,1.0,5.0,,6.0
C08-J21,C08,梧州,J21,金融,4.0,2.0,3.0,,2.0,5.0,2.0,4.0,4.0,1.0,2.0,4.0,4.0,3.0,2.0,3.0,2.0,4.0,4.0,2.0,5.0,1.0,7.0,1.0,2.0,12.0,6.0,6.0,3.0,4.0,6.0,4.0,4.0,8.0,7.0,1.0,6.0,,6.0,1.0,1.0,2.0,3.0,6.0,,2.0,2.0,,1.0,3.0,1.0,2.0,1.0,1.0,8.0,1.0,1.0,,,3.0
C08-J22,C08,梧州,J22,销售,9.0,17.0,28.0,20.0,61.0,35.0,45.0,21.0,39.0,16.0,20.0,25.0,20.0,38.0,48.0,33.0,32.0,37.0,25.0,29.0,30.0,20.0,12.0,18.0,9.0,84.0,21.0,29.0,35.0,35.0,18.0,15.0,11.0,24.0,8.0,7.0,8.0,11.0,23.0,15.0,17.0,27.0,27.0,22.0,7.0,7.0,6.0,13.0,8.0,10.0,7.0,21.0,20.0,14.0,9.0,14.0,9.0,9.0,9.0,15.0
C08-J23,C08,梧州,J23,零售百货/生活服务,3.0,12.0,12.0,10.0,28.0,18.0,17.0,22.0,19.0,4.0,15.0,17.0,8.0,18.0,16.0,14.0,23.0,17.0,16.0,23.0,24.0,11.0,24.0,10.0,6.0,84.0,19.0,13.0,19.0,10.0,8.0,11.0,5.0,4.0,6.0,6.0,1.0,7.0,6.0,1.0,7.0,5.0,5.0,10.0,10.0,1.0,3.0,12.0,9.0,3.0,9.0,12.0,10.0,11.0,7.0,3.0,6.0,3.0,8.0,17.0
C08-J24,C08,梧州,J24,餐饮,1.0,3.0,2.0,3.0,16.0,14.0,4.0,3.0,1.0,5.0,3.0,8.0,1.0,4.0,5.0,7.0,6.0,8.0,26.0,10.0,7.0,3.0,9.0,5.0,,48.0,5.0,3.0,3.0,7.0,2.0,9.0,2.0,3.0,2.0,3.0,1.0,5.0,1.0,12.0,7.0,7.0,6.0,10.0,6.0,3.0,2.0,7.0,4.0,5.0,2.0,4.0,4.0,4.0,5.0,6.0,6.0,5.0,4.0,3.0
C08-J25,C08,梧州,J25,高级管理,6.0,4.0,3.0,2.0,9.0,3.0,5.0,1.0,4.0,6.0,4.0,2.0,3.0,4.0,6.0,4.0,2.0,5.0,5.0,3.0,3.0,3.0,3.0,,2.0,14.0,2.0,,6.0,1.0,1.0,1.0,4.0,3.0,,1.0,1.0,4.0,1.0,5.0,,6.0,4.0,9.0,6.0,9.0,3.0,7.0,7.0,,2.0,5.0,1.0,2.0,2.0,3.0,1.0,7.0,2.0,1.0
C09-J01,C09,河池,J01,IT互联网,1.0,1.0,6.0,3.0,,4.0,2.0,2.0,4.0,1.0,2.0,2.0,,1.0,,3.0,,1.0,23.0,2.0,4.0,1.0,1.0,1.0,,3.0,2.0,3.0,2.0,,1.0,,2.0,1.0,1.0,2.0,,2.0,2.0,,3.0,,1.0,1.0,1.0,2.0,1.0,2.0,1.0,,,,,,1.0,1.0,,1.0,,
C09-J02,C09,河池,J02,产品,,,,,,1.0,1.0,,,,,,,,,,,,,,,,,,,,,,,,,,1.0,,,,,,,,,,,,,,,,,,,,,,,,,,,2.0
C09-J03,C09,河池,J03,其他,8.0,,9.0,8.0,10.0,11.0,11.0,3.0,14.0,2.0,3.0,8.0,5.0,9.0,6.0,13.0,3.0,4.0,12.0,3.0,10.0,4.0,2.0,2.0,4.0,9.0,9.0,5.0,8.0,5.0,9.0,13.0,7.0,6.0,8.0,2.0,,,5.0,,2.0,1.0,1.0,2.0,1.0,1.0,,1.0,,2.0,3.0,,1.0,1.0,,,,,1.0,1.0
C09-J04,C09,河池,J04,医疗健康,2.0,1.0,5.0,,,1.0,23.0,,4.0,1.0,1.0,5.0,,1.0,2.0,,1.0,1.0,,,4.0,,,5.0,1.0,4.0,,,1.0,2.0,2.0,1.0,,1.0,1.0,1.0,1.0,1.0,2.0,1.0,,2.0,1.0,2.0,1.0,1.0,1.0,2.0,3.0,1.0,2.0,9.0,4.0,3.0,1.0,1.0,5.0,1.0,1.0,
C09-J05,C09,河池,J05,咨询/翻译/法律,,,,,,,1.0,,1.0,1.0,,1.0,,1.0,,,,,1.0,,,,,,,,,1.0,,,,,,,,,,,1.0,,,,,,,,1.0,,,,,,,,,,,,,
C09-J06,C09,河池,J06,市场/公关/广告,7.0,2.0,11.0,6.0,2.0,13.0,5.0,6.0,4.0,8.0,2.0,1.0,5.0,3.0,13.0,6.0,6.0,6.0,3.0,4.0,2.0,1.0,3.0,2.0,,3.0,2.0,,4.0,1.0,4.0,2.0,1.0,1.0,,3.0,,3.0,,5.0,5.0,1.0,5.0,4.0,1.0,2.0,4.0,,,3.0,4.0,5.0,4.0,1.0,,2.0,3.0,1.0,2.0,
C09-J07,C09,河池,J07,房地产/建筑,8.0,2.0,16.0,15.0,5.0,32.0,5.0,10.0,18.0,4.0,20.0,11.0,5.0,7.0,8.0,9.0,16.0,13.0,11.0,10.0,10.0,5.0,5.0,7.0,2.0,9.0,14.0,3.0,8.0,8.0,11.0,10.0,11.0,2.0,9.0,1.0,1.0,6.0,8.0,11.0,9.0,8.0,8.0,7.0,,4.0,7.0,4.0,1.0,9.0,1.0,2.0,2.0,2.0,5.0,2.0,8.0,4.0,3.0,5.0
C09-J08,C09,河池,J08,教育培训,8.0,3.0,8.0,3.0,,5.0,19.0,1.0,3.0,2.0,,6.0,1.0,1.0,5.0,19.0,6.0,,3.0,3.0,,2.0,,1.0,,2.0,,5.0,7.0,9.0,1.0,3.0,,1.0,1.0,,1.0,4.0,2.0,1.0,1.0,5.0,4.0,3.0,6.0,3.0,4.0,2.0,7.0,1.0,2.0,1.0,,7.0,6.0,2.0,,3.0,,
C09-J09,C09,河池,J09,汽车,1.0,1.0,,1.0,8.0,1.0,2.0,2.0,,2.0,2.0,1.0,1.0,1.0,4.0,,1.0,2.0,3.0,2.0,2.0,1.0,,,1.0,1.0,1.0,1.0,2.0,1.0,7.0,3.0,,,,,,1.0,1.0,1.0,1.0,,,,,2.0,,,,2.0,7.0,2.0,,,1.0,1.0,,,1.0,
C09-J10,C09,河池,J10,物流/仓储/运输,1.0,1.0,3.0,1.0,2.0,1.0,2.0,9.0,1.0,1.0,2.0,1.0,2.0,3.0,4.0,3.0,2.0,1.0,,2.0,2.0,2.0,1.0,,1.0,6.0,1.0,,1.0,,2.0,,1.0,1.0,1.0,,1.0,5.0,3.0,2.0,2.0,3.0,1.0,5.0,2.0,1.0,,2.0,3.0,3.0,,,1.0,1.0,,2.0,2.0,,2.0,2.0
C09-J11,C09,河池,J11,生产制造,4.0,19.0,20.0,14.0,6.0,8.0,7.0,15.0,8.0,11.0,7.0,9.0,12.0,15.0,16.0,18.0,7.0,10.0,12.0,23.0,9.0,7.0,6.0,3.0,6.0,15.0,26.0,10.0,12.0,11.0,19.0,15.0,9.0,13.0,5.0,2.0,5.0,5.0,7.0,4.0,5.0,7.0,5.0,14.0,4.0,7.0,13.0,5.0,8.0,7.0,5.0,7.0,3.0,6.0,6.0,5.0,6.0,4.0,2.0,13.0
C09-J12,C09,河池,J12,电气/电子通信,,,,,1.0,,,,,,,1.0,1.0,2.0,,2.0,1.0,1.0,2.0,1.0,,,1.0,1.0,,2.0,2.0,2.0,,,1.0,2.0,2.0,,,1.0,,,,1.0,2.0,2.0,1.0,2.0,2.0,,1.0,,1.0,,,,1.0,,,,2.0,1.0,2.0,
C09-J13,C09,河池,J13,直播/影视/媒体,,1.0,,1.0,,,1.0,2.0,,,,,2.0,,1.0,,,,1.0,,,,,1.0,2.0,,1.0,,,1.0,2.0,,1.0,,1.0,,,2.0,1.0,1.0,,,,,2.0,,,,,,,,,1.0,,1.0,,,,
C09-J14,C09,河池,J14,能源/环保/农业,,,4.0,4.0,,7.0,1.0,1.0,7.0,,1.0,,,2.0,7.0,,,2.0,2.0,1.0,1.0,1.0,,1.0,1.0,,1.0,,,2.0,3.0,,6.0,5.0,1.0,,1.0,1.0,6.0,3.0,,1.0,1.0,3.0,1.0,3.0,2.0,,2.0,,,3.0,2.0,1.0,1.0,1.0,1.0,1.0,,10.0
C09-J15,C09,河池,J15,行政/人力/法务,12.0,5.0,14.0,9.0,10.0,13.0,14.0,8.0,11.0,9.0,13.0,6.0,7.0,13.0,16.0,13.0,13.0,7.0,14.0,13.0,17.0,9.0,4.0,10.0,2.0,9.0,16.0,5.0,13.0,9.0,19.0,13.0,18.0,6.0,4.0,1.0,5.0,8.0,18.0,8.0,4.0,8.0,6.0,12.0,5.0,2.0,4.0,4.0,6.0,6.0,9.0,4.0,10.0,4.0,4.0,2.0,1.0,5.0,4.0,2.0
C09-J16,C09,河池,J16,设计,,1.0,2.0,1.0,,5.0,3.0,,,,,,1.0,,1.0,1.0,,,4.0,2.0,,,2.0,,,1.0,,1.0,,,,1.0,1.0,,1.0,,,2.0,1.0,,1.0,1.0,,,,,1.0,,,,1.0,,2.0,,,,2.0,,,
C09-J17,C09,河池,J17,财务/税务,6.0,5.0,9.0,7.0,11.0,14.0,9.0,6.0,3.0,4.0,7.0,9.0,8.0,7.0,5.0,6.0,3.0,3.0,7.0,8.0,2.0,2.0,6.0,11.0,1.0,6.0,6.0,4.0,5.0,9.0,7.0,8.0,6.0,9.0,7.0,,4.0,8.0,1.0,7.0,6.0,6.0,3.0,5.0,7.0,9.0,5.0,4.0,2.0,4.0,3.0,3.0,7.0,3.0,8.0,6.0,6.0,4.0,1.0,1.0
C09-J18,C09,河池,J18,运营/客服,2.0,,1.0,,,4.0,6.0,4.0,5.0,6.0,3.0,,2.0,4.0,3.0,,3.0,4.0,3.0,1.0,5.0,,3.0,1.0,2.0,2.0,1.0,1.0,1.0,2.0,2.0,5.0,1.0,3.0,1.0,1.0,,2.0,1.0,3.0,3.0,,2.0,1.0,1.0,2.0,2.0,5.0,,3.0,4.0,4.0,10.0,1.0,1.0,1.0,,1.0,2.0,2.0
C09-J19,C09,河池,J19,酒店/旅游,1.0,,1.0,,,,1.0,,2.0,,,,,,1.0,1.0,,,,,,,1.0,1.0,,1.0,,,2.0,,,3.0,,,1.0,,,,,2.0,3.0,2.0,,,,,2.0,1.0,,,,1.0,,,,,,,,
C09-J20,C09,河池,J20,采购/贸易,,1.0,2.0,,1.0,,,,1.0,1.0,1.0,2.0,,1.0,,,1.0,,3.0,3.0,,1.0,,1.0,,4.0,1.0,1.0,3.0,2.0,,3.0,,,1.0,,1.0,2.0,1.0,1.0,2.0,,,1.0,,,,,2.0,1.0,,1.0,,,,,,,1.0,
C09-J21,C09,河池,J21,金融,1.0,1.0,4.0,1.0,1.0,3.0,,7.0,4.0,,,4.0,1.0,,1.0,1.0,3.0,3.0,2.0,2.0,1.0,,1.0,3.0,,6.0,3.0,4.0,3.0,1.0,3.0,3.0,9.0,2.0,2.0,2.0,1.0,1.0,5.0,2.0,8.0,3.0,1.0,,7.0,1.0,2.0,,1.0,2.0,4.0,14.0,1.0,1.0,1.0,4.0,2.0,,,4.0
C09-J22,C09,河池,J22,销售,8.0,7.0,11.0,11.0,10.0,18.0,9.0,13.0,9.0,3.0,13.0,4.0,7.0,7.0,21.0,9.0,9.0,6.0,12.0,6.0,4.0,9.0,8.0,6.0,4.0,9.0,9.0,5.0,7.0,3.0,11.0,7.0,9.0,4.0,5.0,2.0,2.0,6.0,5.0,10.0,4.0,2.0,10.0,6.0,5.0,7.0,12.0,7.0,6.0,9.0,8.0,6.0,6.0,4.0,11.0,,2.0,3.0,6.0,5.0
C09-J23,C09,河池,J23,零售百货/生活服务,2.0,2.0,4.0,4.0,1.0,3.0,6.0,1.0,9.0,4.0,3.0,1.0,1.0,7.0,3.0,6.0,4.0,7.0,3.0,5.0,,2.0,1.0,5.0,,4.0,3.0,6.0,6.0,2.0,6.0,6.0,2.0,5.0,2.0,1.0,3.0,2.0,,3.0,1.0,2.0,5.0,6.0,1.0,2.0,5.0,8.0,,3.0,1.0,2.0,4.0,2.0,4.0,3.0,,6.0,1.0,1.0
C09-J24,C09,河池,J24,餐饮,,,3.0,2.0,2.0,8.0,1.0,1.0,,2.0,,2.0,,1.0,,1.0,1.0,1.0,,2.0,4.0,1.0,,,1.0,2.0,,,2.0,1.0,5.0,3.0,,2.0,2.0,,1.0,1.0,3.0,3.0,1.0,1.0,,3.0,2.0,,3.0,,,2.0,3.0,,1.0,1.0,1.0,2.0,,4.0,,2.0
C09-J25,C09,河池,J25,高级管理,1.0,,4.0,2.0,,1.0,,,1.0,,,,3.0,1.0,,,1.0,,,,,1.0,,3.0,,,1.0,1.0,,,,2.0,,3.0,2.0,,,,3.0,2.0,1.0,2.0,2.0,3.0,,2.0,,,1.0,,2.0,1.0,2.0,,2.0,,,2.0,1.0,
C10-J01,C10,玉林,J01,IT互联网,4.0,1.0,6.0,6.0,4.0,5.0,5.0,4.0,4.0,14.0,11.0,2.0,1.0,3.0,11.0,7.0,6.0,5.0,1.0,1.0,2.0,2.0,1.0,5.0,2.0,5.0,10.0,3.0,4.0,2.0,2.0,1.0,7.0,2.0,2.0,3.0,1.0,4.0,4.0,1.0,,5.0,2.0,,,1.0,3.0,4.0,7.0,3.0,3.0,3.0,2.0,3.0,3.0,2.0,3.0,1.0,1.0,2.0
C10-J02,C10,玉林,J02,产品,,,,1.0,,,1.0,,1.0,1.0,,,1.0,,1.0,,,,,,,,1.0,,1.0,,1.0,,1.0,,,,,,1.0,1.0,,1.0,,,1.0,2.0,,,,,1.0,3.0,3.0,,1.0,1.0,,,2.0,,3.0,,,
C10-J03,C10,玉林,J03,其他,1.0,,4.0,3.0,6.0,2.0,3.0,6.0,4.0,5.0,4.0,6.0,8.0,7.0,17.0,8.0,8.0,8.0,5.0,1.0,3.0,2.0,1.0,4.0,5.0,2.0,11.0,5.0,3.0,5.0,5.0,,3.0,4.0,2.0,2.0,,5.0,8.0,5.0,5.0,5.0,4.0,11.0,7.0,2.0,7.0,1.0,4.0,4.0,1.0,3.0,3.0,1.0,5.0,1.0,1.0,1.0,1.0,
C10-J04,C10,玉林,J04,医疗健康,2.0,2.0,4.0,3.0,3.0,2.0,1.0,1.0,3.0,3.0,3.0,,18.0,2.0,7.0,5.0,5.0,3.0,5.0,,5.0,,2.0,1.0,,,1.0,1.0,2.0,,,2.0,1.0,2.0,2.0,,1.0,,2.0,,5.0,2.0,1.0,3.0,7.0,15.0,,3.0,,2.0,,,1.0,4.0,1.0,9.0,,1.0,1.0,
C10-J05,C10,玉林,J05,咨询/翻译/法律,3.0,,,1.0,1.0,2.0,2.0,,,1.0,,2.0,2.0,,3.0,1.0,2.0,1.0,1.0,3.0,1.0,2.0,,,,,,1.0,,2.0,1.0,,1.0,1.0,,1.0,,4.0,2.0,1.0,2.0,,,1.0,2.0,2.0,,1.0,3.0,,,,,,,,1.0,,,
C10-J06,C10,玉林,J06,市场/公关/广告,8.0,12.0,10.0,15.0,20.0,10.0,14.0,9.0,7.0,12.0,7.0,3.0,14.0,6.0,15.0,9.0,4.0,12.0,11.0,15.0,2.0,4.0,2.0,4.0,9.0,8.0,12.0,8.0,7.0,5.0,6.0,5.0,11.0,3.0,5.0,4.0,5.0,14.0,12.0,7.0,17.0,11.0,4.0,8.0,11.0,12.0,14.0,12.0,8.0,6.0,6.0,7.0,15.0,4.0,8.0,3.0,7.0,4.0,7.0,10.0
C10-J07,C10,玉林,J07,房地产/建筑,19.0,15.0,40.0,18.0,17.0,30.0,36.0,9.0,15.0,13.0,18.0,11.0,15.0,9.0,48.0,20.0,19.0,36.0,22.0,12.0,11.0,8.0,10.0,17.0,11.0,16.0,46.0,15.0,28.0,17.0,18.0,27.0,19.0,12.0,17.0,10.0,2.0,23.0,29.0,26.0,30.0,12.0,15.0,8.0,14.0,19.0,11.0,14.0,6.0,18.0,18.0,13.0,25.0,12.0,17.0,15.0,4.0,9.0,21.0,15.0
C10-J08,C10,玉林,J08,教育培训,6.0,8.0,4.0,4.0,5.0,16.0,16.0,8.0,11.0,4.0,4.0,10.0,6.0,12.0,13.0,15.0,10.0,29.0,17.0,15.0,12.0,5.0,1.0,3.0,4.0,18.0,19.0,15.0,14.0,13.0,18.0,20.0,18.0,3.0,5.0,9.0,7.0,9.0,9.0,3.0,34.0,20.0,11.0,25.0,8.0,6.0,2.0,7.0,15.0,11.0,3.0,11.0,10.0,11.0,14.0,10.0,9.0,7.0,10.0,2.0
C10-J09,C10,玉林,J09,汽车,1.0,10.0,2.0,3.0,2.0,3.0,3.0,2.0,6.0,,2.0,4.0,3.0,1.0,8.0,4.0,2.0,1.0,1.0,3.0,2.0,2.0,2.0,1.0,2.0,3.0,6.0,,11.0,4.0,2.0,4.0,,1.0,2.0,1.0,2.0,5.0,8.0,3.0,7.0,7.0,3.0,,,1.0,1.0,3.0,1.0,,6.0,5.0,1.0,3.0,1.0,6.0,5.0,,3.0,
C10-J10,C10,玉林,J10,物流/仓储/运输,,4.0,6.0,5.0,5.0,4.0,5.0,5.0,5.0,6.0,5.0,2.0,4.0,7.0,11.0,10.0,8.0,9.0,4.0,12.0,4.0,2.0,5.0,,1.0,16.0,9.0,3.0,4.0,3.0,2.0,10.0,4.0,3.0,6.0,3.0,5.0,8.0,6.0,3.0,6.0,4.0,5.0,6.0,2.0,8.0,4.0,2.0,2.0,3.0,5.0,2.0,5.0,5.0,6.0,5.0,3.0,3.0,4.0,
C10-J11,C10,玉林,J11,生产制造,15.0,17.0,25.0,20.0,23.0,27.0,24.0,16.0,5.0,20.0,23.0,25.0,14.0,21.0,45.0,29.0,32.0,28.0,23.0,20.0,14.0,17.0,26.0,11.0,15.0,43.0,82.0,27.0,27.0,21.0,13.0,39.0,18.0,25.0,18.0,15.0,10.0,19.0,36.0,16.0,31.0,22.0,25.0,22.0,15.0,18.0,16.0,20.0,19.0,30.0,30.0,25.0,37.0,35.0,30.0,43.0,18.0,28.0,31.0,21.0
C10-J12,C10,玉林,J12,电气/电子通信,1.0,2.0,2.0,,,6.0,4.0,2.0,2.0,1.0,1.0,1.0,2.0,1.0,4.0,,4.0,4.0,,3.0,2.0,,2.0,1.0,,3.0,12.0,5.0,2.0,3.0,,1.0,1.0,1.0,,4.0,1.0,2.0,4.0,,2.0,3.0,3.0,4.0,,2.0,1.0,,1.0,1.0,,1.0,,1.0,3.0,1.0,,,2.0,2.0
C10-J13,C10,玉林,J13,直播/影视/媒体,,1.0,,4.0,2.0,,1.0,1.0,1.0,,,1.0,1.0,1.0,,3.0,1.0,,1.0,,2.0,,,,,,4.0,,1.0,5.0,1.0,3.0,2.0,1.0,3.0,1.0,1.0,3.0,3.0,4.0,1.0,13.0,4.0,6.0,,5.0,5.0,,1.0,4.0,3.0,,2.0,3.0,1.0,3.0,2.0,,4.0,1.0
C10-J14,C10,玉林,J14,能源/环保/农业,,4.0,4.0,3.0,1.0,,1.0,1.0,3.0,2.0,1.0,1.0,,1.0,5.0,3.0,5.0,4.0,2.0,1.0,1.0,1.0,5.0,2.0,,3.0,4.0,3.0,,2.0,1.0,,2.0,1.0,1.0,2.0,,,1.0,3.0,3.0,5.0,2.0,,6.0,15.0,6.0,3.0,2.0,,3.0,1.0,3.0,11.0,1.0,3.0,,5.0,3.0,8.0
C10-J15,C10,玉林,J15,行政/人力/法务,20.0,14.0,23.0,35.0,34.0,31.0,27.0,25.0,16.0,17.0,17.0,18.0,19.0,20.0,46.0,34.0,32.0,30.0,28.0,26.0,13.0,13.0,8.0,12.0,7.0,25.0,42.0,15.0,24.0,20.0,18.0,28.0,16.0,18.0,15.0,10.0,9.0,22.0,18.0,22.0,26.0,25.0,17.0,15.0,17.0,23.0,13.0,8.0,14.0,20.0,19.0,14.0,21.0,11.0,9.0,12.0,8.0,2.0,14.0,10.0
C10-J16,C10,玉林,J16,设计,3.0,3.0,2.0,1.0,9.0,3.0,3.0,3.0,3.0,1.0,5.0,,,4.0,6.0,3.0,4.0,4.0,2.0,5.0,1.0,1.0,1.0,,2.0,4.0,1.0,3.0,3.0,9.0,1.0,5.0,5.0,4.0,2.0,1.0,2.0,4.0,3.0,3.0,3.0,4.0,3.0,7.0,1.0,3.0,2.0,1.0,2.0,6.0,1.0,3.0,2.0,1.0,1.0,1.0,2.0,5.0,2.0,1.0
C10-J17,C10,玉林,J17,财务/税务,10.0,12.0,19.0,9.0,13.0,19.0,16.0,11.0,7.0,9.0,10.0,13.0,16.0,17.0,38.0,19.0,14.0,18.0,19.0,14.0,8.0,7.0,5.0,10.0,8.0,16.0,21.0,8.0,27.0,5.0,13.0,19.0,9.0,15.0,5.0,4.0,4.0,13.0,17.0,14.0,14.0,12.0,19.0,7.0,13.0,7.0,9.0,12.0,4.0,7.0,17.0,12.0,11.0,11.0,9.0,10.0,9.0,6.0,5.0,11.0
C10-J18,C10,玉林,J18,运营/客服,2.0,5.0,12.0,9.0,11.0,15.0,10.0,5.0,4.0,8.0,8.0,4.0,5.0,3.0,16.0,12.0,22.0,3.0,6.0,4.0,7.0,5.0,2.0,3.0,3.0,6.0,6.0,4.0,13.0,4.0,9.0,8.0,4.0,9.0,4.0,9.0,3.0,22.0,10.0,14.0,11.0,18.0,6.0,17.0,4.0,11.0,9.0,4.0,6.0,3.0,10.0,3.0,6.0,3.0,7.0,9.0,1.0,3.0,4.0,2.0
C10-J19,C10,玉林,J19,酒店/旅游,,1.0,1.0,,,1.0,,1.0,1.0,8.0,1.0,,1.0,1.0,4.0,,3.0,1.0,,,1.0,4.0,1.0,,1.0,2.0,4.0,,,,1.0,,,,,,,,2.0,1.0,,,,,,1.0,,,,,,3.0,1.0,1.0,,,,,,2.0
C10-J20,C10,玉林,J20,采购/贸易,5.0,,,1.0,1.0,3.0,2.0,1.0,1.0,1.0,2.0,1.0,2.0,1.0,3.0,3.0,5.0,,3.0,3.0,2.0,2.0,2.0,3.0,1.0,1.0,4.0,2.0,3.0,1.0,1.0,3.0,1.0,4.0,,2.0,,5.0,6.0,1.0,9.0,1.0,1.0,3.0,2.0,4.0,,1.0,,3.0,,1.0,2.0,1.0,5.0,1.0,4.0,,1.0,
C10-J21,C10,玉林,J21,金融,2.0,2.0,5.0,4.0,3.0,7.0,5.0,7.0,6.0,5.0,,4.0,5.0,1.0,8.0,6.0,7.0,5.0,5.0,5.0,,6.0,2.0,2.0,3.0,4.0,7.0,6.0,5.0,2.0,1.0,7.0,1.0,5.0,2.0,1.0,2.0,3.0,5.0,5.0,3.0,5.0,1.0,2.0,2.0,2.0,3.0,5.0,2.0,9.0,4.0,6.0,13.0,4.0,,2.0,6.0,1.0,4.0,2.0
C10-J22,C10,玉林,J22,销售,14.0,15.0,30.0,13.0,28.0,24.0,27.0,18.0,23.0,29.0,24.0,15.0,32.0,25.0,60.0,27.0,22.0,26.0,24.0,21.0,11.0,14.0,16.0,12.0,6.0,17.0,54.0,21.0,20.0,10.0,12.0,19.0,22.0,18.0,9.0,8.0,9.0,30.0,28.0,17.0,25.0,20.0,14.0,17.0,14.0,8.0,13.0,18.0,17.0,24.0,36.0,12.0,18.0,16.0,13.0,14.0,10.0,9.0,17.0,17.0
C10-J23,C10,玉林,J23,零售百货/生活服务,3.0,6.0,9.0,6.0,17.0,7.0,16.0,8.0,9.0,11.0,6.0,7.0,6.0,12.0,17.0,18.0,9.0,16.0,12.0,6.0,5.0,8.0,2.0,6.0,1.0,12.0,36.0,13.0,9.0,9.0,4.0,8.0,6.0,8.0,2.0,6.0,3.0,8.0,9.0,4.0,7.0,18.0,4.0,26.0,6.0,9.0,3.0,2.0,10.0,16.0,12.0,5.0,9.0,6.0,3.0,11.0,6.0,4.0,5.0,5.0
C10-J24,C10,玉林,J24,餐饮,4.0,4.0,3.0,2.0,5.0,6.0,5.0,3.0,2.0,7.0,4.0,,2.0,4.0,14.0,4.0,3.0,5.0,3.0,1.0,2.0,7.0,2.0,7.0,4.0,,3.0,3.0,4.0,4.0,2.0,2.0,1.0,5.0,2.0,7.0,2.0,6.0,3.0,6.0,11.0,12.0,1.0,3.0,7.0,11.0,10.0,8.0,1.0,5.0,12.0,2.0,7.0,3.0,12.0,5.0,2.0,4.0,2.0,
C10-J25,C10,玉林,J25,高级管理,5.0,2.0,2.0,1.0,6.0,3.0,4.0,4.0,1.0,8.0,1.0,4.0,5.0,1.0,5.0,1.0,4.0,4.0,,,1.0,1.0,1.0,2.0,1.0,8.0,5.0,1.0,4.0,1.0,2.0,7.0,2.0,,1.0,,2.0,5.0,8.0,3.0,8.0,2.0,4.0,,3.0,1.0,7.0,,3.0,1.0,4.0,3.0,16.0,2.0,5.0,5.0,1.0,6.0,10.0,4.0
C11-J01,C11,百色,J01,IT互联网,,2.0,3.0,2.0,9.0,7.0,9.0,4.0,7.0,6.0,5.0,10.0,4.0,1.0,16.0,4.0,3.0,4.0,3.0,2.0,3.0,2.0,4.0,3.0,,3.0,6.0,9.0,2.0,6.0,10.0,1.0,1.0,3.0,1.0,2.0,2.0,2.0,4.0,,3.0,1.0,3.0,5.0,2.0,2.0,7.0,2.0,,3.0,2.0,6.0,2.0,,1.0,3.0,,2.0,1.0,
C11-J02,C11,百色,J02,产品,,,,,,,1.0,,,,,,,,,,,,,,,2.0,1.0,,,,,1.0,,,,,1.0,,1.0,,,1.0,,,3.0,,,,,,,,,,,,1.0,,1.0,,,,,
C11-J03,C11,百色,J03,其他,1.0,3.0,6.0,7.0,5.0,6.0,8.0,4.0,1.0,4.0,3.0,2.0,7.0,3.0,9.0,9.0,3.0,3.0,6.0,6.0,4.0,4.0,4.0,3.0,4.0,,3.0,10.0,5.0,5.0,8.0,3.0,3.0,2.0,2.0,1.0,3.0,4.0,1.0,1.0,3.0,6.0,3.0,5.0,2.0,2.0,3.0,2.0,2.0,2.0,3.0,3.0,1.0,,,,,3.0,1.0,5.0
C11-J04,C11,百色,J04,医疗健康,1.0,,6.0,17.0,6.0,6.0,1.0,1.0,6.0,8.0,4.0,5.0,8.0,3.0,10.0,3.0,3.0,2.0,3.0,4.0,19.0,3.0,4.0,1.0,4.0,5.0,2.0,1.0,9.0,6.0,,1.0,1.0,1.0,1.0,2.0,2.0,6.0,2.0,9.0,2.0,1.0,26.0,31.0,3.0,3.0,6.0,6.0,1.0,5.0,2.0,6.0,,10.0,5.0,2.0,4.0,,2.0,2.0
C11-J05,C11,百色,J05,咨询/翻译/法律,,,,,2.0,1.0,1.0,1.0,1.0,,,1.0,,,3.0,2.0,1.0,,,,2.0,,1.0,1.0,,,,1.0,1.0,,,1.0,1.0,1.0,,,,,,,,1.0,1.0,,,,,,,,1.0,,,1.0,,,,9.0,1.0,1.0
C11-J06,C11,百色,J06,市场/公关/广告,6.0,5.0,14.0,5.0,9.0,10.0,7.0,10.0,6.0,7.0,9.0,15.0,7.0,11.0,13.0,17.0,3.0,2.0,11.0,10.0,6.0,7.0,4.0,4.0,8.0,2.0,10.0,5.0,3.0,7.0,5.0,6.0,6.0,11.0,3.0,4.0,2.0,4.0,5.0,3.0,6.0,5.0,6.0,3.0,5.0,14.0,7.0,4.0,2.0,3.0,,5.0,8.0,1.0,4.0,6.0,,6.0,1.0,5.0
C11-J07,C11,百色,J07,房地产/建筑,2.0,15.0,21.0,27.0,31.0,23.0,56.0,53.0,20.0,12.0,14.0,12.0,19.0,31.0,52.0,16.0,31.0,34.0,21.0,21.0,26.0,12.0,12.0,11.0,2.0,11.0,17.0,10.0,10.0,14.0,13.0,12.0,5.0,13.0,5.0,12.0,4.0,19.0,24.0,12.0,11.0,5.0,11.0,16.0,4.0,5.0,8.0,3.0,3.0,8.0,4.0,10.0,13.0,8.0,10.0,4.0,5.0,4.0,5.0,12.0
C11-J08,C11,百色,J08,教育培训,15.0,4.0,2.0,,8.0,9.0,12.0,21.0,30.0,5.0,4.0,8.0,3.0,7.0,13.0,8.0,16.0,13.0,5.0,9.0,5.0,2.0,2.0,2.0,4.0,2.0,3.0,1.0,4.0,,,,3.0,3.0,9.0,3.0,,,2.0,,2.0,1.0,11.0,4.0,1.0,1.0,3.0,3.0,,,1.0,2.0,3.0,,3.0,5.0,3.0,3.0,1.0,
C11-J09,C11,百色,J09,汽车,4.0,5.0,8.0,1.0,5.0,5.0,1.0,2.0,5.0,3.0,3.0,1.0,,9.0,5.0,6.0,3.0,1.0,5.0,,2.0,7.0,,3.0,2.0,5.0,5.0,,1.0,1.0,,,2.0,1.0,1.0,1.0,3.0,2.0,2.0,,,1.0,1.0,2.0,5.0,2.0,4.0,,3.0,2.0,1.0,1.0,4.0,2.0,1.0,2.0,,3.0,,
C11-J10,C11,百色,J10,物流/仓储/运输,1.0,2.0,5.0,4.0,1.0,4.0,16.0,3.0,3.0,1.0,,8.0,,9.0,8.0,8.0,,4.0,7.0,8.0,5.0,7.0,3.0,2.0,1.0,3.0,5.0,5.0,4.0,3.0,3.0,2.0,,5.0,4.0,2.0,2.0,6.0,1.0,2.0,6.0,3.0,2.0,3.0,1.0,5.0,3.0,2.0,2.0,5.0,4.0,5.0,2.0,8.0,1.0,11.0,34.0,4.0,,1.0
C11-J11,C11,百色,J11,生产制造,3.0,11.0,20.0,21.0,16.0,22.0,24.0,11.0,16.0,6.0,16.0,14.0,12.0,7.0,23.0,26.0,16.0,25.0,18.0,11.0,14.0,3.0,16.0,11.0,6.0,10.0,13.0,11.0,11.0,17.0,14.0,15.0,16.0,9.0,13.0,4.0,2.0,11.0,13.0,9.0,13.0,9.0,21.0,25.0,13.0,6.0,16.0,25.0,19.0,18.0,12.0,18.0,21.0,22.0,29.0,20.0,8.0,16.0,14.0,29.0
C11-J12,C11,百色,J12,电气/电子通信,,,2.0,3.0,3.0,2.0,,2.0,2.0,1.0,4.0,,2.0,,4.0,1.0,,1.0,1.0,,1.0,1.0,,4.0,2.0,1.0,4.0,,1.0,2.0,1.0,,,,1.0,,,3.0,2.0,1.0,1.0,2.0,1.0,,1.0,1.0,4.0,1.0,2.0,,,2.0,2.0,1.0,,,5.0,4.0,,
C11-J13,C11,百色,J13,直播/影视/媒体,1.0,1.0,1.0,,,1.0,,,2.0,,2.0,,,1.0,,1.0,2.0,2.0,,,1.0,1.0,,2.0,1.0,1.0,4.0,,,,,2.0,2.0,,,,2.0,,1.0,,1.0,,1.0,3.0,,,,3.0,,,,,1.0,,2.0,1.0,,2.0,1.0,
C11-J14,C11,百色,J14,能源/环保/农业,2.0,,5.0,10.0,4.0,2.0,6.0,4.0,2.0,1.0,3.0,,1.0,,6.0,1.0,,4.0,2.0,,4.0,,2.0,,,3.0,2.0,,,2.0,3.0,2.0,2.0,2.0,2.0,3.0,,1.0,1.0,1.0,3.0,,,,1.0,,7.0,10.0,2.0,1.0,1.0,2.0,6.0,2.0,5.0,5.0,6.0,4.0,1.0,4.0
C11-J15,C11,百色,J15,行政/人力/法务,10.0,11.0,32.0,27.0,22.0,23.0,51.0,26.0,21.0,17.0,17.0,16.0,21.0,16.0,56.0,30.0,31.0,27.0,32.0,23.0,25.0,21.0,9.0,20.0,13.0,11.0,17.0,21.0,24.0,15.0,16.0,7.0,14.0,8.0,15.0,3.0,4.0,13.0,15.0,12.0,11.0,15.0,16.0,12.0,13.0,11.0,16.0,12.0,6.0,14.0,28.0,9.0,12.0,10.0,11.0,11.0,9.0,12.0,5.0,4.0
C11-J16,C11,百色,J16,设计,1.0,,6.0,1.0,2.0,6.0,2.0,1.0,2.0,,3.0,2.0,5.0,2.0,6.0,3.0,3.0,3.0,5.0,3.0,,2.0,1.0,1.0,1.0,,,3.0,,,1.0,5.0,,2.0,,,,3.0,1.0,6.0,3.0,2.0,2.0,,,,,1.0,,4.0,2.0,1.0,,3.0,1.0,2.0,,3.0,,
C11-J17,C11,百色,J17,财务/税务,13.0,14.0,24.0,15.0,11.0,18.0,17.0,25.0,11.0,9.0,14.0,13.0,10.0,16.0,26.0,21.0,23.0,22.0,22.0,17.0,18.0,11.0,16.0,18.0,4.0,14.0,17.0,11.0,11.0,11.0,9.0,13.0,8.0,13.0,14.0,4.0,7.0,10.0,11.0,8.0,15.0,12.0,11.0,15.0,15.0,14.0,15.0,5.0,8.0,7.0,6.0,3.0,7.0,6.0,6.0,4.0,3.0,4.0,6.0,8.0
C11-J18,C11,百色,J18,运营/客服,4.0,1.0,5.0,6.0,6.0,6.0,13.0,5.0,11.0,2.0,5.0,10.0,8.0,4.0,8.0,5.0,8.0,3.0,7.0,7.0,5.0,6.0,1.0,2.0,3.0,5.0,6.0,11.0,5.0,3.0,1.0,,6.0,1.0,2.0,8.0,1.0,5.0,2.0,2.0,2.0,8.0,6.0,2.0,3.0,4.0,4.0,4.0,,2.0,5.0,2.0,8.0,6.0,1.0,9.0,1.0,4.0,,3.0
C11-J19,C11,百色,J19,酒店/旅游,,,1.0,1.0,1.0,2.0,2.0,1.0,1.0,3.0,,,2.0,,1.0,1.0,1.0,1.0,1.0,1.0,2.0,,1.0,,3.0,,1.0,1.0,,,,1.0,,1.0,4.0,1.0,,4.0,1.0,6.0,1.0,,,4.0,1.0,1.0,,,1.0,,2.0,2.0,3.0,,,2.0,1.0,,1.0,
C11-J20,C11,百色,J20,采购/贸易,,,2.0,3.0,6.0,,3.0,1.0,1.0,1.0,1.0,3.0,1.0,4.0,1.0,,3.0,1.0,3.0,2.0,1.0,3.0,,,,2.0,1.0,,1.0,,1.0,1.0,1.0,3.0,,,,,2.0,,1.0,2.0,2.0,2.0,2.0,1.0,,,2.0,,1.0,1.0,2.0,2.0,1.0,2.0,2.0,3.0,1.0,
C11-J21,C11,百色,J21,金融,,1.0,16.0,8.0,4.0,5.0,20.0,12.0,3.0,1.0,10.0,4.0,2.0,6.0,13.0,6.0,5.0,2.0,6.0,,5.0,5.0,1.0,2.0,6.0,2.0,3.0,14.0,3.0,2.0,7.0,2.0,9.0,4.0,,5.0,1.0,2.0,,4.0,10.0,7.0,5.0,8.0,1.0,5.0,11.0,4.0,4.0,7.0,10.0,2.0,12.0,7.0,6.0,5.0,,3.0,1.0,4.0
C11-J22,C11,百色,J22,销售,9.0,11.0,17.0,21.0,18.0,38.0,28.0,28.0,29.0,14.0,21.0,14.0,18.0,14.0,42.0,22.0,22.0,21.0,26.0,11.0,16.0,20.0,15.0,17.0,33.0,19.0,32.0,11.0,11.0,10.0,13.0,8.0,9.0,8.0,9.0,10.0,4.0,18.0,8.0,8.0,16.0,11.0,9.0,10.0,10.0,13.0,7.0,8.0,3.0,32.0,12.0,9.0,19.0,6.0,7.0,10.0,10.0,9.0,4.0,6.0
C11-J23,C11,百色,J23,零售百货/生活服务,15.0,9.0,41.0,12.0,12.0,8.0,17.0,9.0,6.0,7.0,6.0,7.0,10.0,17.0,26.0,18.0,14.0,8.0,15.0,18.0,9.0,10.0,16.0,6.0,7.0,13.0,9.0,5.0,8.0,6.0,7.0,8.0,9.0,6.0,7.0,7.0,4.0,8.0,3.0,6.0,12.0,8.0,20.0,1.0,14.0,9.0,8.0,7.0,2.0,6.0,8.0,5.0,3.0,4.0,2.0,39.0,27.0,8.0,5.0,2.0
C11-J24,C11,百色,J24,餐饮,2.0,,,1.0,6.0,2.0,9.0,3.0,4.0,6.0,,6.0,2.0,4.0,8.0,4.0,3.0,7.0,13.0,5.0,1.0,1.0,3.0,6.0,,2.0,3.0,1.0,1.0,3.0,1.0,3.0,8.0,8.0,5.0,1.0,,6.0,1.0,7.0,12.0,6.0,3.0,2.0,4.0,6.0,6.0,,5.0,2.0,,1.0,2.0,2.0,1.0,3.0,1.0,5.0,2.0,
C11-J25,C11,百色,J25,高级管理,2.0,3.0,9.0,5.0,4.0,5.0,3.0,4.0,1.0,4.0,4.0,2.0,1.0,4.0,12.0,2.0,1.0,2.0,2.0,4.0,2.0,9.0,2.0,1.0,2.0,,1.0,3.0,4.0,,2.0,,2.0,,2.0,4.0,,1.0,1.0,7.0,1.0,5.0,4.0,3.0,3.0,6.0,2.0,17.0,2.0,2.0,6.0,3.0,8.0,3.0,2.0,1.0,2.0,3.0,3.0,4.0
C12-J01,C12,贵港,J01,IT互联网,31.0,25.0,8.0,7.0,4.0,,13.0,6.0,4.0,2.0,5.0,3.0,1.0,2.0,2.0,3.0,4.0,2.0,3.0,1.0,,2.0,2.0,3.0,2.0,1.0,5.0,4.0,2.0,2.0,,3.0,3.0,2.0,1.0,1.0,2.0,2.0,1.0,,1.0,3.0,2.0,1.0,3.0,1.0,,1.0,1.0,,,,,2.0,1.0,,,1.0,2.0,1.0
C12-J02,C12,贵港,J02,产品,1.0,,1.0,1.0,,1.0,2.0,,1.0,,,,,,,,,,,,,1.0,,,,,1.0,,,,,1.0,1.0,,,,,1.0,5.0,1.0,,,,,,,,,,,,,,,,,,,,
C12-J03,C12,贵港,J03,其他,35.0,16.0,9.0,7.0,3.0,,17.0,12.0,2.0,1.0,2.0,1.0,1.0,2.0,1.0,,2.0,4.0,2.0,4.0,,5.0,1.0,5.0,2.0,4.0,2.0,,2.0,3.0,,1.0,7.0,2.0,1.0,,1.0,5.0,,4.0,1.0,,,3.0,,,2.0,,,1.0,1.0,2.0,,1.0,1.0,,,,,
C12-J04,C12,贵港,J04,医疗健康,40.0,35.0,7.0,18.0,,4.0,31.0,4.0,,4.0,1.0,14.0,8.0,,7.0,3.0,9.0,,7.0,2.0,,3.0,3.0,9.0,2.0,4.0,7.0,,9.0,13.0,3.0,1.0,4.0,4.0,,1.0,4.0,5.0,2.0,13.0,,4.0,8.0,2.0,4.0,,,1.0,2.0,,,7.0,5.0,3.0,8.0,2.0,4.0,,7.0,
C12-J05,C12,贵港,J05,咨询/翻译/法律,11.0,3.0,3.0,1.0,,3.0,4.0,2.0,1.0,,,1.0,1.0,,,,,,1.0,,,,,,,,,1.0,1.0,1.0,,,,,,,,,1.0,,,,,,,,,,,,,,,,,,,,,
C12-J06,C12,贵港,J06,市场/公关/广告,115.0,23.0,11.0,10.0,5.0,2.0,15.0,13.0,1.0,4.0,3.0,4.0,1.0,1.0,2.0,1.0,2.0,4.0,2.0,2.0,3.0,1.0,1.0,2.0,2.0,3.0,3.0,1.0,1.0,1.0,2.0,1.0,,1.0,1.0,,1.0,,9.0,5.0,11.0,2.0,,5.0,,5.0,2.0,1.0,3.0,2.0,6.0,2.0,,1.0,,1.0,1.0,1.0,4.0,
C12-J07,C12,贵港,J07,房地产/建筑,143.0,66.0,40.0,30.0,18.0,18.0,51.0,35.0,7.0,17.0,15.0,4.0,5.0,7.0,5.0,16.0,16.0,11.0,4.0,4.0,10.0,2.0,8.0,2.0,1.0,14.0,8.0,5.0,6.0,11.0,11.0,13.0,4.0,7.0,5.0,2.0,9.0,1.0,5.0,6.0,7.0,7.0,10.0,3.0,6.0,5.0,6.0,4.0,7.0,6.0,3.0,2.0,,3.0,6.0,5.0,14.0,,1.0,
C12-J08,C12,贵港,J08,教育培训,56.0,42.0,2.0,11.0,7.0,7.0,37.0,16.0,8.0,13.0,5.0,,9.0,5.0,1.0,5.0,2.0,9.0,10.0,18.0,7.0,,3.0,14.0,,4.0,5.0,1.0,,5.0,,4.0,3.0,,,2.0,1.0,,2.0,,3.0,,12.0,10.0,4.0,,2.0,,2.0,8.0,3.0,9.0,4.0,1.0,4.0,23.0,3.0,4.0,,1.0
C12-J09,C12,贵港,J09,汽车,43.0,12.0,5.0,,2.0,,8.0,6.0,,1.0,,,1.0,2.0,,,,,1.0,,1.0,,1.0,,1.0,,,1.0,,1.0,1.0,1.0,,1.0,,1.0,1.0,,2.0,1.0,,,2.0,,,,,,,,,,,,,,,,,1.0
C12-J10,C12,贵港,J10,物流/仓储/运输,76.0,41.0,8.0,6.0,6.0,2.0,15.0,8.0,2.0,1.0,4.0,1.0,4.0,6.0,3.0,9.0,3.0,2.0,,4.0,1.0,,3.0,2.0,,2.0,9.0,1.0,2.0,2.0,,3.0,3.0,1.0,1.0,2.0,,1.0,1.0,3.0,,1.0,1.0,1.0,1.0,,5.0,2.0,12.0,4.0,1.0,1.0,3.0,2.0,3.0,1.0,,1.0,1.0,2.0
C12-J11,C12,贵港,J11,生产制造,267.0,199.0,39.0,41.0,24.0,5.0,110.0,35.0,5.0,7.0,6.0,4.0,10.0,17.0,11.0,8.0,8.0,8.0,6.0,8.0,7.0,2.0,6.0,2.0,4.0,8.0,17.0,11.0,5.0,7.0,6.0,18.0,9.0,5.0,6.0,12.0,9.0,11.0,3.0,13.0,14.0,7.0,7.0,22.0,11.0,7.0,14.0,15.0,19.0,12.0,8.0,9.0,7.0,9.0,14.0,10.0,13.0,7.0,10.0,6.0
C12-J12,C12,贵港,J12,电气/电子通信,17.0,9.0,3.0,2.0,1.0,,3.0,2.0,1.0,,1.0,,1.0,,1.0,,1.0,,1.0,1.0,3.0,,,,2.0,,2.0,2.0,,,,1.0,2.0,1.0,3.0,,,1.0,3.0,,2.0,1.0,1.0,1.0,1.0,1.0,,2.0,,,,1.0,,,3.0,,2.0,1.0,,1.0
C12-J13,C12,贵港,J13,直播/影视/媒体,11.0,11.0,,,1.0,,3.0,8.0,,,2.0,,,1.0,1.0,1.0,1.0,,,1.0,,1.0,,,,1.0,1.0,,1.0,,2.0,1.0,,,1.0,1.0,,1.0,1.0,,,1.0,,,,,,,,,,,,,1.0,,,,,1.0
C12-J14,C12,贵港,J14,能源/环保/农业,17.0,7.0,,3.0,1.0,,9.0,4.0,2.0,,3.0,1.0,,2.0,3.0,,,1.0,,1.0,,,,,,,3.0,,,1.0,,2.0,1.0,1.0,,,1.0,1.0,1.0,,,,3.0,1.0,,,2.0,3.0,1.0,1.0,,2.0,1.0,,,1.0,,,1.0,
C12-J15,C12,贵港,J15,行政/人力/法务,144.0,100.0,33.0,25.0,18.0,8.0,47.0,30.0,6.0,12.0,10.0,5.0,8.0,23.0,16.0,8.0,8.0,14.0,13.0,7.0,7.0,5.0,5.0,8.0,6.0,5.0,8.0,5.0,9.0,8.0,4.0,10.0,8.0,4.0,2.0,1.0,3.0,6.0,11.0,4.0,11.0,6.0,8.0,5.0,5.0,8.0,8.0,2.0,3.0,7.0,8.0,5.0,3.0,6.0,10.0,1.0,7.0,1.0,8.0,1.0
C12-J16,C12,贵港,J16,设计,34.0,22.0,3.0,2.0,1.0,1.0,4.0,3.0,2.0,2.0,,,,,2.0,1.0,,1.0,2.0,1.0,1.0,2.0,,,,1.0,1.0,,1.0,2.0,,1.0,,1.0,,,1.0,,2.0,,,,,,1.0,1.0,,,,,1.0,,,,,,,,1.0,2.0
C12-J17,C12,贵港,J17,财务/税务,80.0,42.0,11.0,15.0,8.0,5.0,35.0,17.0,7.0,3.0,2.0,3.0,7.0,5.0,6.0,7.0,7.0,5.0,11.0,7.0,5.0,2.0,4.0,3.0,2.0,3.0,6.0,11.0,7.0,5.0,5.0,4.0,8.0,,6.0,5.0,4.0,5.0,4.0,2.0,4.0,5.0,2.0,2.0,1.0,4.0,4.0,2.0,2.0,,3.0,2.0,3.0,1.0,6.0,2.0,1.0,1.0,3.0,
C12-J18,C12,贵港,J18,运营/客服,60.0,23.0,4.0,2.0,,,11.0,4.0,1.0,4.0,5.0,1.0,1.0,3.0,4.0,2.0,,2.0,,,2.0,1.0,1.0,,3.0,2.0,2.0,2.0,5.0,6.0,4.0,6.0,,1.0,,,,4.0,2.0,2.0,1.0,3.0,1.0,3.0,1.0,1.0,1.0,2.0,7.0,,,,1.0,,,,,1.0,,1.0
C12-J19,C12,贵港,J19,酒店/旅游,13.0,13.0,3.0,,,,4.0,1.0,,,,,3.0,2.0,,,1.0,,,,,,,,,,,,,1.0,1.0,,,,3.0,,,2.0,,,,1.0,,,,,,,,,,,,,,,,,,
C12-J20,C12,贵港,J20,采购/贸易,17.0,8.0,2.0,,1.0,,4.0,3.0,1.0,1.0,,,2.0,2.0,,1.0,1.0,,,,1.0,2.0,,,1.0,,2.0,2.0,,,,1.0,1.0,,2.0,,2.0,,1.0,,1.0,,,1.0,,2.0,3.0,,2.0,,1.0,,,1.0,2.0,1.0,4.0,,,
C12-J21,C12,贵港,J21,金融,6.0,5.0,1.0,2.0,1.0,,5.0,3.0,,,3.0,,,1.0,4.0,1.0,,,1.0,,2.0,,3.0,,1.0,2.0,2.0,,,1.0,2.0,,,1.0,1.0,,,,,1.0,1.0,,1.0,1.0,2.0,,,,,1.0,3.0,,,2.0,,,7.0,,1.0,
C12-J22,C12,贵港,J22,销售,209.0,103.0,24.0,9.0,19.0,18.0,44.0,34.0,5.0,5.0,12.0,14.0,6.0,9.0,5.0,7.0,14.0,26.0,4.0,8.0,2.0,10.0,5.0,4.0,4.0,14.0,9.0,4.0,6.0,10.0,5.0,10.0,4.0,10.0,3.0,1.0,1.0,13.0,6.0,6.0,6.0,4.0,3.0,4.0,1.0,2.0,6.0,5.0,4.0,8.0,2.0,1.0,2.0,3.0,,2.0,1.0,,2.0,2.0
C12-J23,C12,贵港,J23,零售百货/生活服务,234.0,92.0,21.0,7.0,10.0,5.0,24.0,19.0,6.0,7.0,4.0,8.0,3.0,10.0,8.0,13.0,3.0,7.0,7.0,1.0,3.0,3.0,6.0,2.0,5.0,4.0,1.0,,5.0,3.0,4.0,4.0,4.0,6.0,5.0,3.0,1.0,2.0,1.0,5.0,7.0,4.0,1.0,2.0,1.0,5.0,7.0,3.0,3.0,3.0,1.0,6.0,2.0,5.0,3.0,3.0,4.0,1.0,4.0,2.0
C12-J24,C12,贵港,J24,餐饮,60.0,24.0,7.0,2.0,3.0,2.0,5.0,21.0,1.0,3.0,,1.0,2.0,4.0,4.0,3.0,1.0,1.0,1.0,1.0,1.0,1.0,,,,,1.0,,,2.0,,1.0,2.0,3.0,2.0,3.0,3.0,,1.0,,8.0,1.0,1.0,5.0,1.0,1.0,1.0,4.0,4.0,2.0,,3.0,2.0,1.0,5.0,3.0,1.0,1.0,3.0,
C12-J25,C12,贵港,J25,高级管理,20.0,9.0,4.0,9.0,6.0,5.0,14.0,2.0,1.0,,,1.0,1.0,,1.0,,,,1.0,2.0,,,,2.0,,2.0,1.0,,1.0,2.0,1.0,,1.0,1.0,,,2.0,,4.0,1.0,2.0,3.0,3.0,1.0,,1.0,1.0,,1.0,1.0,,2.0,,,1.0,,,,,
C13-J01,C13,贺州,J01,IT互联网,,,,,1.0,,,,,,,,,,,,,,1.0,,5.0,,,,,,,3.0,,,,,,,,,,,,,,6.0,,,,,,,,,,,,,,,,,,
C13-J02,C13,贺州,J02,产品,,,,,,,,,,,,,,,,,,,,,,,,,,,,,,,,,,,,,,,,,,,,,,,,,,,,,,,,,1.0,,,
C13-J03,C13,贺州,J03,其他,,,,,1.0,1.0,2.0,,,3.0,,,,1.0,,,,,,,,,,,,,,,,,,,,,,,,,,,,1.0,,,,,1.0,,,,,,,,,,1.0,,,
C13-J04,C13,贺州,J04,医疗健康,,,,,,,,,,,,,,,,,,,,,,,,,,,,,,,,,1.0,1.0,,,,,,,1.0,,,1.0,,,2.0,,1.0,1.0,,1.0,1.0,,,,,,,
C13-J05,C13,贺州,J05,咨询/翻译/法律,,,,,,,,,,1.0,,,,,,,,,,,,,,,,,,,,,,,,,,,,,,,,,,,,,,,,,,,,,,,,,,
C13-J06,C13,贺州,J06,市场/公关/广告,,,,,,,,,,,1.0,,,,,,,,,,1.0,,1.0,,,,,,,,,,1.0,,,,,,1.0,,,,,,,,,,,,,,10.0,,1.0,1.0,1.0,,,
C13-J07,C13,贺州,J07,房地产/建筑,,,,3.0,,,,4.0,4.0,,,3.0,,,,,,3.0,1.0,1.0,5.0,1.0,,,,,,1.0,,,,,,,,,,1.0,1.0,,,,,,,,,,3.0,1.0,1.0,,,,,,,1.0,,
C13-J08,C13,贺州,J08,教育培训,,,,,,,,,,,,,,,,,,,,,,,,,2.0,,,,,1.0,,,,,,,,,,,,,,5.0,,,1.0,,,,,,,,,,,,,
C13-J09,C13,贺州,J09,汽车,,,,,,,,,,,,,,,,,,,,,,,,,,,,,,,,,,,,,,,,,,,,,,,,1.0,,,,,,,,,,,,
C13-J10,C13,贺州,J10,物流/仓储/运输,,,2.0,,4.0,,,1.0,,,,,,,,,1.0,1.0,,,,1.0,,,,,,,,,,,,,,,,,1.0,,,,,,,,,,,,,,1.0,,2.0,,1.0,,,
C13-J11,C13,贺州,J11,生产制造,,,,,13.0,,,2.0,5.0,1.0,,,4.0,,1.0,,,8.0,,1.0,,1.0,1.0,1.0,1.0,1.0,,2.0,,2.0,1.0,,2.0,1.0,1.0,,,1.0,,,,1.0,,2.0,,,2.0,1.0,,1.0,2.0,,,,1.0,3.0,5.0,2.0,1.0,3.0
C13-J12,C13,贺州,J12,电气/电子通信,,,,,,,,,,,,,,,,,,,,,,,,,,,,,,,,,,,,,,,,,,,,,,,,,,,,1.0,,,,,1.0,,,2.0
C13-J13,C13,贺州,J13,直播/影视/媒体,,,,,1.0,,,,,,,,,,,,,,,,,,,,,,,,,,,,,,,,,,,,1.0,,,,,,,,,,,,,,,,,,,
C13-J14,C13,贺州,J14,能源/环保/农业,,,1.0,1.0,,,,,,1.0,,,1.0,,1.0,,1.0,,,,,1.0,,,,,1.0,,,4.0,,,,,,,,,,,,2.0,,,,,,,,,1.0,,,,,,,,,
C13-J15,C13,贺州,J15,行政/人力/法务,,,,1.0,3.0,,,1.0,,,,1.0,2.0,,,,1.0,2.0,3.0,1.0,2.0,,,,,2.0,,,2.0,,,,,,,,,,,,2.0,1.0,,2.0,5.0,,2.0,,1.0,,1.0,2.0,8.0,4.0,,,,,,
C13-J16,C13,贺州,J16,设计,,,,3.0,,,,,,,,,,,,,,,,,,,,,,,,,,,,,,,,,,,,,1.0,,,,,,,,,,,,,1.0,,1.0,2.0,,,3.0
C13-J17,C13,贺州,J17,财务/税务,,,1.0,,3.0,1.0,,2.0,,,,2.0,,,,,,,,,,2.0,3.0,,,,,,,,,,,1.0,,1.0,,,,,4.0,1.0,,,2.0,,4.0,,1.0,,,,,2.0,,2.0,,,2.0,
C13-J18,C13,贺州,J18,运营/客服,,,,,,,,,,,,,,2.0,,,,,,,,,,,,,,,,,,,1.0,,,,,,,,,,,1.0,,,,,,,,,,,5.0,,,,,
C13-J20,C13,贺州,J20,采购/贸易,,,,,,,,,,,,,,,,,,,,,,,,,,,,1.0,,,,,,,,,,,,,,,,,,,,,,,1.0,,,,,,,,,
C13-J21,C13,贺州,J21,金融,,1.0,,,,,1.0,,,,,,,,,,,,,,,,,,,,,,,,,,,,,,,,,,,,,1.0,,,,,,,,,,,,,,,,
C13-J22,C13,贺州,J22,销售,,,,,,,1.0,1.0,,,4.0,,1.0,,,1.0,,3.0,,,5.0,,,,,,,,1.0,,1.0,,1.0,,,,,,,,2.0,,1.0,,1.0,,4.0,,,1.0,,1.0,7.0,3.0,13.0,1.0,2.0,,,4.0
C13-J23,C13,贺州,J23,零售百货/生活服务,,,,,,,,,,1.0,,,,,,,,,,,1.0,,,,,,,,,,1.0,,1.0,,,,,,,,2.0,,,,,,,,,,,,,,,,,,,1.0
C13-J24,C13,贺州,J24,餐饮,,,,,,,,1.0,,,,,,,,,,,,,,,,,,,,,2.0,,,,,,,,,,1.0,2.0,4.0,1.0,,,,,,,,,,,,,,,1.0,,,
C13-J25,C13,贺州,J25,高级管理,,,,,,1.0,,,,,,,,,,,,,,,,,,,1.0,,,,,,,,,,,,,,1.0,,1.0,,,,,,,,,,1.0,1.0,,,,,,1.0,,1.0
C14-J01,C14,钦州,J01,IT互联网,1.0,1.0,1.0,2.0,4.0,2.0,3.0,4.0,6.0,2.0,,1.0,2.0,3.0,7.0,4.0,28.0,4.0,5.0,2.0,6.0,,,3.0,2.0,1.0,2.0,6.0,2.0,3.0,2.0,2.0,1.0,2.0,,1.0,,1.0,4.0,2.0,1.0,6.0,3.0,2.0,,2.0,4.0,,1.0,1.0,,,1.0,,3.0,1.0,1.0,1.0,4.0,1.0
C14-J02,C14,钦州,J02,产品,,,,1.0,1.0,,2.0,,1.0,,,,,,,,1.0,,,,,,,,,,1.0,,,,,,,,,,,,,,,,,1.0,,1.0,,,,2.0,,,,,,,,,,
C14-J03,C14,钦州,J03,其他,,3.0,5.0,6.0,2.0,2.0,7.0,1.0,5.0,7.0,3.0,4.0,4.0,6.0,6.0,3.0,1.0,3.0,2.0,1.0,3.0,2.0,2.0,3.0,1.0,3.0,2.0,4.0,5.0,1.0,1.0,1.0,1.0,1.0,2.0,1.0,1.0,,4.0,2.0,1.0,1.0,5.0,3.0,9.0,1.0,1.0,1.0,11.0,1.0,3.0,4.0,1.0,1.0,,,1.0,,1.0,1.0
C14-J04,C14,钦州,J04,医疗健康,1.0,11.0,2.0,1.0,,2.0,,4.0,,1.0,2.0,,,,1.0,2.0,,,,1.0,,7.0,1.0,2.0,,3.0,1.0,7.0,1.0,1.0,9.0,1.0,2.0,,,,,,,,1.0,2.0,1.0,2.0,,,,,,1.0,2.0,,,,,,,,,1.0
C14-J05,C14,钦州,J05,咨询/翻译/法律,,,1.0,,,1.0,,,,,1.0,,,,1.0,,,,,,1.0,,2.0,,,,,,,,,,,1.0,,1.0,,1.0,,,,,,,,,,2.0,,,,,,,,,,1.0,,
C14-J06,C14,钦州,J06,市场/公关/广告,1.0,4.0,7.0,3.0,1.0,5.0,7.0,6.0,4.0,1.0,3.0,2.0,3.0,4.0,5.0,1.0,3.0,5.0,7.0,1.0,6.0,2.0,2.0,4.0,,5.0,5.0,2.0,5.0,6.0,,1.0,,1.0,4.0,,1.0,3.0,2.0,2.0,2.0,1.0,3.0,3.0,1.0,2.0,4.0,10.0,4.0,3.0,10.0,,7.0,1.0,2.0,2.0,4.0,1.0,1.0,3.0
C14-J07,C14,钦州,J07,房地产/建筑,7.0,3.0,26.0,14.0,19.0,12.0,22.0,31.0,12.0,13.0,11.0,18.0,11.0,17.0,20.0,18.0,10.0,30.0,11.0,8.0,10.0,6.0,8.0,7.0,12.0,11.0,9.0,7.0,10.0,3.0,10.0,15.0,5.0,8.0,4.0,3.0,8.0,5.0,5.0,13.0,28.0,5.0,12.0,9.0,10.0,5.0,17.0,2.0,12.0,4.0,7.0,12.0,9.0,8.0,5.0,5.0,15.0,1.0,9.0,4.0
C14-J08,C14,钦州,J08,教育培训,,2.0,3.0,4.0,,4.0,9.0,3.0,3.0,,7.0,1.0,4.0,1.0,3.0,3.0,,1.0,32.0,9.0,1.0,1.0,9.0,5.0,1.0,3.0,4.0,7.0,3.0,1.0,2.0,10.0,2.0,2.0,6.0,1.0,,3.0,1.0,,3.0,5.0,,6.0,2.0,,,,,1.0,4.0,1.0,1.0,,,2.0,3.0,2.0,13.0,1.0
C14-J09,C14,钦州,J09,汽车,,,,1.0,2.0,,3.0,5.0,2.0,,,,3.0,6.0,1.0,1.0,,,1.0,6.0,2.0,1.0,5.0,,1.0,6.0,,1.0,2.0,,1.0,1.0,,,1.0,,,,,1.0,,1.0,2.0,1.0,,,,,,,1.0,,2.0,,,,,,1.0,
C14-J10,C14,钦州,J10,物流/仓储/运输,3.0,7.0,3.0,5.0,4.0,3.0,9.0,5.0,6.0,8.0,4.0,2.0,3.0,5.0,12.0,5.0,4.0,2.0,10.0,7.0,5.0,,2.0,2.0,3.0,1.0,3.0,4.0,3.0,5.0,1.0,6.0,,1.0,2.0,,1.0,,,3.0,,4.0,1.0,1.0,3.0,2.0,4.0,3.0,4.0,4.0,1.0,8.0,1.0,2.0,7.0,1.0,3.0,2.0,2.0,
C14-J11,C14,钦州,J11,生产制造,5.0,14.0,8.0,15.0,11.0,17.0,17.0,18.0,14.0,15.0,7.0,21.0,22.0,14.0,21.0,21.0,19.0,10.0,9.0,9.0,8.0,8.0,10.0,4.0,4.0,18.0,7.0,8.0,15.0,6.0,15.0,11.0,8.0,8.0,6.0,1.0,1.0,12.0,3.0,5.0,12.0,9.0,12.0,11.0,7.0,3.0,21.0,6.0,7.0,10.0,13.0,21.0,10.0,16.0,4.0,11.0,10.0,2.0,9.0,2.0
C14-J12,C14,钦州,J12,电气/电子通信,,,,4.0,,,,1.0,3.0,1.0,1.0,1.0,1.0,1.0,,2.0,,5.0,7.0,,1.0,1.0,1.0,,,2.0,2.0,2.0,4.0,8.0,,,,,3.0,,,1.0,2.0,1.0,,1.0,1.0,3.0,1.0,,1.0,,1.0,1.0,1.0,1.0,1.0,2.0,2.0,2.0,,1.0,1.0,
C14-J13,C14,钦州,J13,直播/影视/媒体,,,1.0,,,7.0,,,,1.0,1.0,,,,1.0,,,2.0,,2.0,,2.0,3.0,,,2.0,,,2.0,,,,,,,,,,,,,2.0,,1.0,,1.0,,,,1.0,1.0,,2.0,2.0,1.0,,,1.0,2.0,
C14-J14,C14,钦州,J14,能源/环保/农业,1.0,2.0,1.0,5.0,,,,2.0,,1.0,,,2.0,,,1.0,4.0,1.0,2.0,,3.0,,,,,,1.0,1.0,2.0,3.0,1.0,2.0,1.0,4.0,,,3.0,1.0,1.0,1.0,1.0,7.0,,2.0,3.0,1.0,2.0,,,1.0,,1.0,2.0,3.0,3.0,3.0,,,1.0,1.0
C14-J15,C14,钦州,J15,行政/人力/法务,9.0,13.0,20.0,12.0,15.0,14.0,22.0,17.0,15.0,11.0,17.0,17.0,13.0,14.0,16.0,12.0,22.0,16.0,19.0,9.0,15.0,5.0,4.0,6.0,5.0,16.0,14.0,9.0,5.0,9.0,14.0,6.0,2.0,4.0,5.0,1.0,3.0,4.0,8.0,9.0,12.0,15.0,11.0,11.0,5.0,5.0,5.0,2.0,11.0,12.0,11.0,7.0,10.0,14.0,6.0,8.0,7.0,6.0,7.0,7.0
C14-J16,C14,钦州,J16,设计,,1.0,1.0,,2.0,1.0,1.0,2.0,,,1.0,1.0,,,1.0,3.0,7.0,3.0,2.0,,1.0,1.0,1.0,1.0,,3.0,1.0,,1.0,1.0,3.0,1.0,1.0,,,,1.0,,,1.0,,,,,,1.0,1.0,,2.0,5.0,1.0,,1.0,,,,,1.0,2.0,
C14-J17,C14,钦州,J17,财务/税务,8.0,3.0,13.0,21.0,12.0,13.0,12.0,15.0,9.0,4.0,7.0,7.0,5.0,11.0,13.0,18.0,16.0,17.0,7.0,7.0,4.0,6.0,3.0,5.0,6.0,7.0,11.0,7.0,10.0,10.0,13.0,12.0,6.0,3.0,5.0,3.0,8.0,6.0,5.0,6.0,6.0,8.0,11.0,9.0,5.0,2.0,2.0,1.0,3.0,13.0,5.0,7.0,8.0,9.0,5.0,4.0,3.0,4.0,2.0,1.0
C14-J18,C14,钦州,J18,运营/客服,,2.0,2.0,3.0,3.0,7.0,2.0,6.0,2.0,3.0,5.0,2.0,9.0,3.0,4.0,4.0,4.0,1.0,2.0,5.0,2.0,2.0,,1.0,1.0,2.0,4.0,2.0,5.0,4.0,1.0,2.0,2.0,2.0,,1.0,1.0,2.0,2.0,3.0,6.0,4.0,3.0,4.0,3.0,2.0,3.0,,,,1.0,,5.0,2.0,1.0,1.0,,1.0,1.0,1.0
C14-J19,C14,钦州,J19,酒店/旅游,2.0,2.0,,,,3.0,2.0,,,3.0,,1.0,,,2.0,,,,1.0,1.0,1.0,2.0,,1.0,,,1.0,,,,,,,1.0,,,,1.0,,,,,,,,,,,3.0,,,,,,1.0,,,,,3.0
C14-J20,C14,钦州,J20,采购/贸易,2.0,5.0,2.0,3.0,1.0,,2.0,3.0,4.0,4.0,2.0,2.0,1.0,4.0,5.0,3.0,3.0,,4.0,2.0,,1.0,,2.0,,,,3.0,3.0,,,4.0,1.0,1.0,,,,,,1.0,1.0,4.0,,2.0,,,1.0,,1.0,1.0,1.0,2.0,,2.0,,3.0,,,1.0,1.0
C14-J21,C14,钦州,J21,金融,,1.0,8.0,1.0,3.0,4.0,8.0,4.0,2.0,3.0,,2.0,3.0,2.0,3.0,6.0,1.0,3.0,1.0,4.0,4.0,2.0,,1.0,1.0,3.0,3.0,1.0,2.0,3.0,3.0,3.0,2.0,1.0,2.0,3.0,,2.0,1.0,,1.0,3.0,4.0,7.0,,,2.0,2.0,1.0,2.0,2.0,2.0,4.0,1.0,,4.0,2.0,2.0,1.0,1.0
C14-J22,C14,钦州,J22,销售,8.0,9.0,5.0,13.0,6.0,6.0,12.0,15.0,11.0,7.0,5.0,12.0,11.0,6.0,20.0,17.0,9.0,15.0,18.0,12.0,8.0,6.0,2.0,3.0,6.0,13.0,12.0,9.0,5.0,6.0,9.0,3.0,3.0,1.0,4.0,2.0,1.0,6.0,4.0,7.0,9.0,6.0,22.0,9.0,6.0,6.0,2.0,4.0,7.0,15.0,14.0,3.0,11.0,2.0,10.0,6.0,4.0,3.0,5.0,3.0
C14-J23,C14,钦州,J23,零售百货/生活服务,7.0,4.0,1.0,2.0,7.0,8.0,14.0,12.0,3.0,5.0,9.0,8.0,5.0,9.0,8.0,8.0,7.0,7.0,10.0,8.0,6.0,3.0,7.0,7.0,2.0,12.0,5.0,4.0,2.0,2.0,3.0,2.0,,2.0,2.0,1.0,,2.0,1.0,6.0,4.0,4.0,2.0,1.0,5.0,3.0,3.0,1.0,3.0,3.0,2.0,6.0,1.0,3.0,5.0,1.0,3.0,1.0,4.0,
C14-J24,C14,钦州,J24,餐饮,2.0,2.0,,2.0,,3.0,3.0,5.0,5.0,2.0,1.0,2.0,,2.0,2.0,3.0,3.0,5.0,2.0,1.0,1.0,1.0,5.0,,2.0,,3.0,,2.0,1.0,,4.0,1.0,,,1.0,1.0,,1.0,1.0,,3.0,,1.0,,,2.0,1.0,3.0,3.0,,4.0,,2.0,,8.0,2.0,,1.0,
C14-J25,C14,钦州,J25,高级管理,,1.0,,5.0,3.0,2.0,1.0,5.0,2.0,3.0,3.0,2.0,,1.0,2.0,4.0,1.0,,2.0,2.0,,,,,1.0,1.0,2.0,,1.0,1.0,2.0,1.0,,,,1.0,,,2.0,,2.0,1.0,,1.0,,4.0,1.0,1.0,3.0,,1.0,2.0,1.0,,,1.0,2.0,2.0,,2.0
C15-J01,C15,防城港,J01,IT互联网,3.0,,3.0,8.0,5.0,4.0,6.0,3.0,2.0,5.0,4.0,3.0,4.0,4.0,19.0,13.0,29.0,3.0,12.0,3.0,2.0,2.0,3.0,1.0,4.0,3.0,6.0,1.0,13.0,7.0,,2.0,3.0,,3.0,,,2.0,1.0,2.0,3.0,3.0,8.0,3.0,6.0,2.0,1.0,2.0,2.0,3.0,2.0,,1.0,,1.0,1.0,,1.0,2.0,
C15-J02,C15,防城港,J02,产品,,,,,1.0,,,,,,1.0,,1.0,,,3.0,,,,,,,,,,,,,2.0,,,,,,,,,,,,,,,1.0,,,,,,,,,,,,,,,1.0,
C15-J03,C15,防城港,J03,其他,8.0,4.0,5.0,5.0,3.0,7.0,3.0,,4.0,2.0,4.0,5.0,3.0,3.0,6.0,7.0,4.0,9.0,2.0,6.0,5.0,,3.0,1.0,1.0,8.0,3.0,6.0,5.0,7.0,2.0,3.0,1.0,1.0,1.0,2.0,3.0,2.0,2.0,1.0,2.0,1.0,1.0,6.0,4.0,1.0,3.0,4.0,1.0,4.0,2.0,1.0,2.0,1.0,1.0,3.0,4.0,4.0,4.0,
C15-J04,C15,防城港,J04,医疗健康,,1.0,1.0,3.0,,,3.0,1.0,1.0,1.0,2.0,1.0,,1.0,7.0,3.0,,1.0,2.0,6.0,3.0,5.0,,3.0,12.0,,1.0,5.0,2.0,6.0,3.0,,2.0,,3.0,,1.0,1.0,,2.0,,1.0,9.0,5.0,4.0,,6.0,,,1.0,5.0,2.0,,3.0,1.0,,1.0,1.0,,2.0
C15-J05,C15,防城港,J05,咨询/翻译/法律,,1.0,1.0,1.0,,,,1.0,1.0,1.0,1.0,,3.0,,,1.0,1.0,2.0,,,,,,,,1.0,4.0,,,1.0,1.0,,2.0,,2.0,,,1.0,,,,1.0,,4.0,2.0,3.0,,1.0,,,1.0,,1.0,,1.0,,,1.0,1.0,
C15-J06,C15,防城港,J06,市场/公关/广告,3.0,1.0,2.0,5.0,13.0,5.0,15.0,6.0,9.0,4.0,8.0,9.0,8.0,3.0,12.0,26.0,4.0,14.0,5.0,7.0,12.0,3.0,2.0,1.0,3.0,10.0,11.0,4.0,10.0,11.0,10.0,8.0,3.0,5.0,7.0,4.0,,7.0,10.0,5.0,11.0,3.0,10.0,9.0,,,6.0,4.0,4.0,4.0,12.0,5.0,14.0,6.0,6.0,4.0,1.0,4.0,6.0,
C15-J07,C15,防城港,J07,房地产/建筑,29.0,14.0,42.0,39.0,26.0,43.0,48.0,20.0,33.0,20.0,21.0,20.0,23.0,13.0,79.0,34.0,25.0,36.0,38.0,33.0,11.0,12.0,12.0,11.0,10.0,26.0,21.0,19.0,25.0,37.0,20.0,9.0,13.0,11.0,10.0,11.0,14.0,15.0,25.0,8.0,16.0,16.0,22.0,27.0,11.0,7.0,35.0,9.0,10.0,13.0,25.0,13.0,18.0,9.0,14.0,12.0,7.0,10.0,13.0,9.0
C15-J08,C15,防城港,J08,教育培训,1.0,,2.0,1.0,1.0,1.0,8.0,10.0,12.0,1.0,2.0,1.0,6.0,4.0,7.0,2.0,5.0,3.0,8.0,7.0,,6.0,2.0,1.0,6.0,2.0,5.0,1.0,9.0,4.0,,3.0,2.0,1.0,4.0,4.0,2.0,4.0,1.0,3.0,,3.0,6.0,,3.0,,1.0,,,,,1.0,,1.0,1.0,,,,1.0,
C15-J09,C15,防城港,J09,汽车,1.0,2.0,,2.0,1.0,1.0,,2.0,,2.0,,4.0,1.0,,4.0,,2.0,2.0,1.0,2.0,1.0,1.0,1.0,1.0,,,1.0,2.0,2.0,,5.0,,,,,,1.0,1.0,,,2.0,1.0,3.0,4.0,,1.0,1.0,4.0,,3.0,2.0,1.0,2.0,,1.0,2.0,1.0,,3.0,1.0
C15-J10,C15,防城港,J10,物流/仓储/运输,5.0,4.0,13.0,7.0,11.0,3.0,6.0,6.0,3.0,4.0,9.0,5.0,3.0,5.0,25.0,14.0,3.0,13.0,5.0,6.0,14.0,5.0,8.0,10.0,1.0,2.0,5.0,5.0,11.0,12.0,9.0,5.0,3.0,5.0,5.0,2.0,3.0,10.0,7.0,,3.0,1.0,6.0,6.0,7.0,1.0,7.0,6.0,7.0,7.0,10.0,5.0,16.0,4.0,11.0,3.0,3.0,3.0,9.0,8.0
C15-J11,C15,防城港,J11,生产制造,9.0,10.0,17.0,29.0,14.0,14.0,19.0,26.0,10.0,13.0,13.0,16.0,19.0,13.0,59.0,26.0,17.0,16.0,16.0,20.0,9.0,12.0,21.0,22.0,2.0,26.0,20.0,17.0,41.0,30.0,13.0,10.0,10.0,7.0,10.0,14.0,8.0,31.0,12.0,14.0,29.0,38.0,21.0,21.0,28.0,14.0,21.0,21.0,26.0,20.0,25.0,14.0,28.0,25.0,32.0,14.0,19.0,10.0,42.0,14.0
C15-J12,C15,防城港,J12,电气/电子通信,2.0,3.0,1.0,,1.0,4.0,2.0,,1.0,,1.0,,2.0,1.0,10.0,1.0,1.0,1.0,,2.0,1.0,2.0,2.0,2.0,2.0,2.0,3.0,2.0,6.0,1.0,,1.0,,1.0,,,4.0,6.0,4.0,1.0,4.0,1.0,1.0,2.0,2.0,,3.0,1.0,1.0,1.0,1.0,2.0,3.0,1.0,3.0,1.0,1.0,4.0,3.0,1.0
C15-J13,C15,防城港,J13,直播/影视/媒体,,,1.0,,3.0,4.0,2.0,1.0,,3.0,1.0,,,,2.0,1.0,1.0,,3.0,1.0,,,,,,1.0,2.0,1.0,,3.0,2.0,6.0,4.0,,,2.0,,,,1.0,1.0,3.0,3.0,2.0,,3.0,2.0,1.0,3.0,6.0,1.0,,4.0,,1.0,1.0,1.0,1.0,1.0,5.0
C15-J14,C15,防城港,J14,能源/环保/农业,,,2.0,2.0,,2.0,4.0,1.0,,6.0,2.0,2.0,2.0,2.0,14.0,1.0,7.0,3.0,2.0,,2.0,,1.0,1.0,,,1.0,,5.0,5.0,1.0,1.0,,2.0,,1.0,,1.0,3.0,3.0,4.0,,,3.0,2.0,,4.0,,2.0,3.0,4.0,,7.0,2.0,3.0,1.0,3.0,1.0,1.0,2.0
C15-J15,C15,防城港,J15,行政/人力/法务,17.0,8.0,29.0,22.0,19.0,22.0,31.0,37.0,22.0,22.0,22.0,24.0,16.0,21.0,64.0,26.0,22.0,41.0,35.0,14.0,9.0,12.0,25.0,15.0,14.0,27.0,25.0,9.0,30.0,26.0,14.0,17.0,17.0,19.0,9.0,8.0,10.0,16.0,23.0,13.0,11.0,25.0,23.0,34.0,22.0,12.0,17.0,19.0,17.0,25.0,18.0,11.0,22.0,23.0,24.0,20.0,11.0,12.0,24.0,9.0
C15-J16,C15,防城港,J16,设计,3.0,,3.0,2.0,3.0,3.0,7.0,3.0,,3.0,1.0,,3.0,2.0,11.0,1.0,5.0,1.0,,5.0,17.0,1.0,,2.0,4.0,1.0,,6.0,8.0,11.0,,1.0,3.0,,1.0,4.0,1.0,4.0,4.0,1.0,3.0,4.0,1.0,2.0,2.0,,1.0,,,2.0,,,6.0,2.0,2.0,,3.0,,,1.0
C15-J17,C15,防城港,J17,财务/税务,11.0,5.0,23.0,23.0,15.0,16.0,20.0,20.0,11.0,23.0,13.0,20.0,15.0,21.0,53.0,18.0,21.0,11.0,12.0,21.0,20.0,7.0,7.0,7.0,10.0,15.0,16.0,8.0,13.0,28.0,11.0,12.0,12.0,7.0,10.0,3.0,5.0,8.0,15.0,19.0,15.0,12.0,10.0,15.0,10.0,15.0,11.0,12.0,10.0,13.0,20.0,9.0,14.0,9.0,15.0,9.0,8.0,11.0,8.0,6.0
C15-J18,C15,防城港,J18,运营/客服,4.0,1.0,6.0,5.0,7.0,10.0,12.0,9.0,6.0,8.0,10.0,5.0,11.0,2.0,16.0,8.0,1.0,7.0,3.0,4.0,11.0,2.0,5.0,4.0,5.0,8.0,5.0,,4.0,12.0,5.0,3.0,2.0,2.0,4.0,3.0,2.0,4.0,3.0,1.0,7.0,7.0,6.0,7.0,5.0,8.0,6.0,1.0,1.0,1.0,4.0,7.0,9.0,3.0,4.0,5.0,5.0,,5.0,7.0
C15-J19,C15,防城港,J19,酒店/旅游,2.0,,12.0,10.0,1.0,1.0,2.0,1.0,2.0,,,,4.0,1.0,7.0,2.0,2.0,2.0,4.0,7.0,1.0,3.0,,,1.0,,,,,2.0,,,1.0,1.0,1.0,,,2.0,2.0,1.0,2.0,2.0,1.0,3.0,2.0,6.0,5.0,3.0,6.0,13.0,5.0,6.0,5.0,5.0,3.0,4.0,5.0,3.0,4.0,5.0
C15-J20,C15,防城港,J20,采购/贸易,1.0,,1.0,,,1.0,1.0,2.0,1.0,1.0,,1.0,,1.0,6.0,4.0,2.0,2.0,4.0,3.0,3.0,2.0,1.0,,,1.0,5.0,1.0,1.0,6.0,,1.0,2.0,,,,1.0,,1.0,3.0,2.0,3.0,,2.0,1.0,1.0,2.0,3.0,2.0,,1.0,1.0,3.0,1.0,,,4.0,6.0,1.0,
C15-J21,C15,防城港,J21,金融,3.0,,1.0,5.0,4.0,3.0,11.0,3.0,2.0,1.0,2.0,1.0,4.0,,9.0,2.0,1.0,3.0,4.0,2.0,,1.0,3.0,1.0,,5.0,1.0,4.0,2.0,7.0,2.0,4.0,1.0,1.0,,2.0,1.0,3.0,2.0,1.0,3.0,4.0,5.0,7.0,2.0,3.0,5.0,2.0,3.0,,4.0,3.0,5.0,4.0,3.0,2.0,2.0,2.0,3.0,
C15-J22,C15,防城港,J22,销售,5.0,3.0,16.0,23.0,16.0,20.0,32.0,24.0,14.0,13.0,11.0,14.0,13.0,11.0,47.0,16.0,18.0,23.0,24.0,23.0,7.0,15.0,6.0,10.0,7.0,20.0,26.0,19.0,23.0,31.0,10.0,12.0,8.0,11.0,9.0,10.0,10.0,49.0,19.0,10.0,11.0,13.0,14.0,14.0,11.0,15.0,7.0,5.0,9.0,17.0,12.0,16.0,27.0,11.0,5.0,12.0,12.0,9.0,7.0,10.0
C15-J23,C15,防城港,J23,零售百货/生活服务,5.0,4.0,17.0,5.0,9.0,12.0,15.0,18.0,11.0,4.0,6.0,6.0,7.0,9.0,44.0,9.0,10.0,10.0,18.0,22.0,3.0,6.0,12.0,14.0,6.0,9.0,7.0,16.0,13.0,24.0,3.0,5.0,6.0,3.0,,3.0,4.0,8.0,16.0,11.0,4.0,6.0,9.0,8.0,6.0,7.0,16.0,8.0,12.0,7.0,6.0,6.0,8.0,7.0,9.0,7.0,5.0,6.0,1.0,11.0
C15-J24,C15,防城港,J24,餐饮,2.0,2.0,4.0,4.0,6.0,2.0,3.0,13.0,13.0,,10.0,4.0,,1.0,13.0,3.0,4.0,3.0,15.0,11.0,2.0,1.0,6.0,,6.0,5.0,,1.0,6.0,9.0,1.0,1.0,2.0,4.0,3.0,,1.0,4.0,14.0,5.0,9.0,7.0,13.0,10.0,6.0,19.0,10.0,11.0,10.0,13.0,7.0,2.0,12.0,6.0,4.0,17.0,5.0,4.0,3.0,2.0
C15-J25,C15,防城港,J25,高级管理,1.0,3.0,3.0,1.0,2.0,,7.0,6.0,2.0,5.0,3.0,1.0,3.0,2.0,9.0,4.0,4.0,1.0,2.0,6.0,1.0,6.0,1.0,1.0,5.0,2.0,4.0,,3.0,4.0,5.0,2.0,1.0,1.0,1.0,1.0,2.0,2.0,5.0,2.0,8.0,5.0,7.0,3.0,1.0,4.0,2.0,2.0,7.0,4.0,5.0,,5.0,5.0,3.0,4.0,3.0,10.0,4.0,1.0
